requested_url,final_url,status,content_type,response_bytes,response_ms,redirected,x_robots_tag,error,role,title,title_chars,meta_description,meta_description_chars,canonical,meta_robots,lang,og_title,og_description,og_image,published_time,modified_time,h1_count,h1,h2_count,h2,h3_count,main_word_count,article_word_count,total_word_count,internal_unique_links,external_unique_links,image_count,images_without_alt_attribute,lazy_image_count,json_ld_blocks,schema_types,form_count,script_count,stylesheet_count,php_warning_count,placeholder_href_count,has_invalid_http_phone_link,has_comment_form,has_tel_link,has_mailto_link,has_whatsapp_link,body_class
https://media87.com/2025/12/02/,https://media87.com/2025/12/02/,200,text/html; charset=UTF-8,52701,1371,False,,,article,"December 2, 2025 – Media87 – Ai Powered Digital Marketing",57,,0,,max-image-preview:large,en-US,,,,,,1,Blog,0,,2,39,0,129,7,3,2,0,1,0,,0,26,17,0,19,False,False,False,False,False,archive date wp-embed-responsive wp-theme-hello-elementor hello-elementor-default elementor-default elementor-template-canvas elementor-kit-400 elementor-page-12707
https://media87.com/2025/12/19/,https://media87.com/2025/12/19/,200,text/html; charset=UTF-8,52817,1285,False,,,article,"December 19, 2025 – Media87 – Ai Powered Digital Marketing",58,,0,,max-image-preview:large,en-US,,,,,,1,Blog,0,,2,43,0,133,7,3,2,0,1,0,,0,26,17,0,19,False,False,False,False,False,archive date wp-embed-responsive wp-theme-hello-elementor hello-elementor-default elementor-default elementor-template-canvas elementor-kit-400 elementor-page-12707
https://media87.com/2025/12/24/,https://media87.com/2025/12/24/,200,text/html; charset=UTF-8,52762,1178,False,,,article,"December 24, 2025 – Media87 – Ai Powered Digital Marketing",58,,0,,max-image-preview:large,en-US,,,,,,1,Blog,0,,2,40,0,130,7,3,2,0,1,0,,0,26,17,0,19,False,False,False,False,False,archive date wp-embed-responsive wp-theme-hello-elementor hello-elementor-default elementor-default elementor-template-canvas elementor-kit-400 elementor-page-12707
https://media87.com/2026/01/01/,https://media87.com/2026/01/01/,200,text/html; charset=UTF-8,52628,1168,False,,,article,"January 1, 2026 – Media87 – Ai Powered Digital Marketing",56,,0,,max-image-preview:large,en-US,,,,,,1,Blog,0,,2,35,0,125,7,3,2,0,1,0,,0,26,17,0,19,False,False,False,False,False,archive date wp-embed-responsive wp-theme-hello-elementor hello-elementor-default elementor-default elementor-template-canvas elementor-kit-400 elementor-page-12707
https://media87.com/2026/01/03/,https://media87.com/2026/01/03/,200,text/html; charset=UTF-8,52885,1020,False,,,article,"January 3, 2026 – Media87 – Ai Powered Digital Marketing",56,,0,,max-image-preview:large,en-US,,,,,,1,Blog,0,,2,46,0,136,7,3,2,0,1,0,,0,26,17,0,19,False,False,False,False,False,archive date wp-embed-responsive wp-theme-hello-elementor hello-elementor-default elementor-default elementor-template-canvas elementor-kit-400 elementor-page-12707
https://media87.com/2026/01/05/,https://media87.com/2026/01/05/,200,text/html; charset=UTF-8,54067,960,False,,,article,"January 5, 2026 – Media87 – Ai Powered Digital Marketing",56,,0,,max-image-preview:large,en-US,,,,,,1,Blog,0,,3,41,0,171,8,3,2,0,1,0,,0,26,17,0,19,False,False,False,False,False,archive date wp-embed-responsive wp-theme-hello-elementor hello-elementor-default elementor-default elementor-template-canvas elementor-kit-400 elementor-page-12707
https://media87.com/2026/01/08/,https://media87.com/2026/01/08/,200,text/html; charset=UTF-8,52758,1140,False,,,article,"January 8, 2026 – Media87 – Ai Powered Digital Marketing",56,,0,,max-image-preview:large,en-US,,,,,,1,Blog,0,,2,39,0,129,7,3,2,0,1,0,,0,26,17,0,19,False,False,False,False,False,archive date wp-embed-responsive wp-theme-hello-elementor hello-elementor-default elementor-default elementor-template-canvas elementor-kit-400 elementor-page-12707
https://media87.com/2026/01/09/,https://media87.com/2026/01/09/,200,text/html; charset=UTF-8,54056,946,False,,,article,"January 9, 2026 – Media87 – Ai Powered Digital Marketing",56,,0,,max-image-preview:large,en-US,,,,,,1,Blog,0,,3,42,0,176,8,3,2,0,1,0,,0,26,17,0,19,False,False,False,False,False,archive date wp-embed-responsive wp-theme-hello-elementor hello-elementor-default elementor-default elementor-template-canvas elementor-kit-400 elementor-page-12707
https://media87.com/2026/01/12/,https://media87.com/2026/01/12/,200,text/html; charset=UTF-8,52728,2781,False,,,article,"January 12, 2026 – Media87 – Ai Powered Digital Marketing",57,,0,,max-image-preview:large,en-US,,,,,,1,Blog,0,,2,39,0,129,7,3,2,0,1,0,,0,26,17,0,19,False,False,False,False,False,archive date wp-embed-responsive wp-theme-hello-elementor hello-elementor-default elementor-default elementor-template-canvas elementor-kit-400 elementor-page-12707
https://media87.com/2026/01/25/,https://media87.com/2026/01/25/,200,text/html; charset=UTF-8,53004,1027,False,,,article,"January 25, 2026 – Media87 – Ai Powered Digital Marketing",57,,0,,max-image-preview:large,en-US,,,,,,1,Blog,0,,2,45,0,135,7,3,2,0,1,0,,0,26,17,0,19,False,False,False,False,False,archive date wp-embed-responsive wp-theme-hello-elementor hello-elementor-default elementor-default elementor-template-canvas elementor-kit-400 elementor-page-12707
https://media87.com/2026/01/26/,https://media87.com/2026/01/26/,200,text/html; charset=UTF-8,52629,1510,False,,,article,"January 26, 2026 – Media87 – Ai Powered Digital Marketing",57,,0,,max-image-preview:large,en-US,,,,,,1,Blog,0,,2,34,0,124,7,3,2,0,1,0,,0,26,17,0,19,False,False,False,False,False,archive date wp-embed-responsive wp-theme-hello-elementor hello-elementor-default elementor-default elementor-template-canvas elementor-kit-400 elementor-page-12707
https://media87.com/2026/02/15/,https://media87.com/2026/02/15/,200,text/html; charset=UTF-8,55280,1189,False,,,article,"February 15, 2026 – Media87 – Ai Powered Digital Marketing",58,,0,,max-image-preview:large,en-US,,,,,,1,Blog,0,,4,41,0,213,9,3,2,0,1,0,,0,26,17,0,19,False,False,False,False,True,archive date wp-embed-responsive wp-theme-hello-elementor hello-elementor-default elementor-default elementor-template-canvas elementor-kit-400 elementor-page-12707
https://media87.com/2026/02/22/,https://media87.com/2026/02/22/,200,text/html; charset=UTF-8,52876,1024,False,,,article,"February 22, 2026 – Media87 – Ai Powered Digital Marketing",58,,0,,max-image-preview:large,en-US,,,,,,1,Blog,0,,2,44,0,134,7,3,2,0,1,0,,0,26,17,0,19,False,False,False,False,False,archive date wp-embed-responsive wp-theme-hello-elementor hello-elementor-default elementor-default elementor-template-canvas elementor-kit-400 elementor-page-12707
https://media87.com/2026/04/03/,https://media87.com/2026/04/03/,200,text/html; charset=UTF-8,52746,954,False,,,article,"April 3, 2026 – Media87 – Ai Powered Digital Marketing",54,,0,,max-image-preview:large,en-US,,,,,,1,Blog,0,,2,40,0,130,7,3,2,0,1,0,,0,26,17,0,19,False,False,False,False,False,archive date wp-embed-responsive wp-theme-hello-elementor hello-elementor-default elementor-default elementor-template-canvas elementor-kit-400 elementor-page-12707
https://media87.com/2026/05/27/,https://media87.com/2026/05/27/,200,text/html; charset=UTF-8,53981,934,False,,,article,"May 27, 2026 – Media87 – Ai Powered Digital Marketing",53,,0,,max-image-preview:large,en-US,,,,,,1,Blog,0,,3,45,0,179,8,3,2,0,1,0,,0,26,17,0,19,False,False,False,False,False,archive date wp-embed-responsive wp-theme-hello-elementor hello-elementor-default elementor-default elementor-template-canvas elementor-kit-400 elementor-page-12707
https://media87.com/2026/05/28/,https://media87.com/2026/05/28/,200,text/html; charset=UTF-8,52818,945,False,,,article,"May 28, 2026 – Media87 – Ai Powered Digital Marketing",53,,0,,max-image-preview:large,en-US,,,,,,1,Blog,0,,2,41,0,131,7,3,2,0,1,0,,0,26,17,0,19,False,False,False,False,False,archive date wp-embed-responsive wp-theme-hello-elementor hello-elementor-default elementor-default elementor-template-canvas elementor-kit-400 elementor-page-12707
https://media87.com/2026/05/31/,https://media87.com/2026/05/31/,200,text/html; charset=UTF-8,52745,912,False,,,article,"May 31, 2026 – Media87 – Ai Powered Digital Marketing",53,,0,,max-image-preview:large,en-US,,,,,,1,Blog,0,,2,36,0,126,7,3,2,0,1,0,,0,26,17,0,19,False,False,False,False,False,archive date wp-embed-responsive wp-theme-hello-elementor hello-elementor-default elementor-default elementor-template-canvas elementor-kit-400 elementor-page-12707
https://media87.com/2026/06/01/,https://media87.com/2026/06/01/,200,text/html; charset=UTF-8,52780,935,False,,,article,"June 1, 2026 – Media87 – Ai Powered Digital Marketing",53,,0,,max-image-preview:large,en-US,,,,,,1,Blog,0,,2,42,0,132,7,3,2,0,1,0,,0,26,17,0,19,False,False,False,False,False,archive date wp-embed-responsive wp-theme-hello-elementor hello-elementor-default elementor-default elementor-template-canvas elementor-kit-400 elementor-page-12707
https://media87.com/2026/06/02/,https://media87.com/2026/06/02/,200,text/html; charset=UTF-8,52723,1444,False,,,article,"June 2, 2026 – Media87 – Ai Powered Digital Marketing",53,,0,,max-image-preview:large,en-US,,,,,,1,Blog,0,,2,34,0,124,7,3,2,0,1,0,,0,26,17,0,19,False,False,False,False,False,archive date wp-embed-responsive wp-theme-hello-elementor hello-elementor-default elementor-default elementor-template-canvas elementor-kit-400 elementor-page-12707
https://media87.com/2026/06/13/,https://media87.com/2026/06/13/,200,text/html; charset=UTF-8,52784,968,False,,,article,"June 13, 2026 – Media87 – Ai Powered Digital Marketing",54,,0,,max-image-preview:large,en-US,,,,,,1,Blog,0,,2,42,0,132,7,3,2,0,1,0,,0,26,17,0,19,False,False,False,False,False,archive date wp-embed-responsive wp-theme-hello-elementor hello-elementor-default elementor-default elementor-template-canvas elementor-kit-400 elementor-page-12707
https://media87.com/2026/06/14/,https://media87.com/2026/06/14/,200,text/html; charset=UTF-8,52822,882,False,,,article,"June 14, 2026 – Media87 – Ai Powered Digital Marketing",54,,0,,max-image-preview:large,en-US,,,,,,1,Blog,0,,2,38,0,128,7,3,2,0,1,0,,0,26,17,0,19,False,False,False,False,False,archive date wp-embed-responsive wp-theme-hello-elementor hello-elementor-default elementor-default elementor-template-canvas elementor-kit-400 elementor-page-12707
https://media87.com/2026/06/17/,https://media87.com/2026/06/17/,200,text/html; charset=UTF-8,52849,915,False,,,article,"June 17, 2026 – Media87 – Ai Powered Digital Marketing",54,,0,,max-image-preview:large,en-US,,,,,,1,Blog,0,,2,40,0,130,7,3,2,0,1,0,,0,26,17,0,19,False,False,False,False,False,archive date wp-embed-responsive wp-theme-hello-elementor hello-elementor-default elementor-default elementor-template-canvas elementor-kit-400 elementor-page-12707
https://media87.com/2026/06/20/,https://media87.com/2026/06/20/,200,text/html; charset=UTF-8,52859,889,False,,,article,"June 20, 2026 – Media87 – Ai Powered Digital Marketing",54,,0,,max-image-preview:large,en-US,,,,,,1,Blog,0,,2,41,0,131,7,3,2,0,1,0,,0,26,17,0,19,False,False,False,False,False,archive date wp-embed-responsive wp-theme-hello-elementor hello-elementor-default elementor-default elementor-template-canvas elementor-kit-400 elementor-page-12707
https://media87.com/2026/06/23/,https://media87.com/2026/06/23/,200,text/html; charset=UTF-8,52770,854,False,,,article,"June 23, 2026 – Media87 – Ai Powered Digital Marketing",54,,0,,max-image-preview:large,en-US,,,,,,1,Blog,0,,2,40,0,130,7,3,2,0,1,0,,0,26,17,0,19,False,False,False,False,False,archive date wp-embed-responsive wp-theme-hello-elementor hello-elementor-default elementor-default elementor-template-canvas elementor-kit-400 elementor-page-12707
https://media87.com/2026/06/26/,https://media87.com/2026/06/26/,200,text/html; charset=UTF-8,52823,951,False,,,article,"June 26, 2026 – Media87 – Ai Powered Digital Marketing",54,,0,,max-image-preview:large,en-US,,,,,,1,Blog,0,,2,39,0,129,7,3,2,0,1,0,,0,26,17,0,19,False,False,False,False,False,archive date wp-embed-responsive wp-theme-hello-elementor hello-elementor-default elementor-default elementor-template-canvas elementor-kit-400 elementor-page-12707
https://media87.com/2026/07/01/,https://media87.com/2026/07/01/,200,text/html; charset=UTF-8,52802,1362,False,,,article,"July 1, 2026 – Media87 – Ai Powered Digital Marketing",53,,0,,max-image-preview:large,en-US,,,,,,1,Blog,0,,2,38,0,128,7,3,2,0,1,0,,0,26,17,0,19,False,False,False,False,False,archive date wp-embed-responsive wp-theme-hello-elementor hello-elementor-default elementor-default elementor-template-canvas elementor-kit-400 elementor-page-12707
https://media87.com/2026/07/18/,https://media87.com/2026/07/18/,200,text/html; charset=UTF-8,52885,960,False,,,article,"July 18, 2026 – Media87 – Ai Powered Digital Marketing",54,,0,,max-image-preview:large,en-US,,,,,,1,Blog,0,,2,38,0,128,7,3,2,0,1,0,,0,26,17,0,19,False,False,False,False,False,archive date wp-embed-responsive wp-theme-hello-elementor hello-elementor-default elementor-default elementor-template-canvas elementor-kit-400 elementor-page-12707
https://media87.com/2026/07/21/,https://media87.com/2026/07/21/,200,text/html; charset=UTF-8,53684,881,False,,,article,"July 21, 2026 – Media87 – Ai Powered Digital Marketing",54,,0,,max-image-preview:large,en-US,,,,,,1,Blog,0,,2,42,0,132,7,3,3,0,1,0,,0,26,17,0,19,False,False,False,False,False,archive date wp-embed-responsive wp-theme-hello-elementor hello-elementor-default elementor-default elementor-template-canvas elementor-kit-400 elementor-page-12707
https://media87.com/ads-managment/,https://media87.com/ads-managment/,404,text/html; charset=UTF-8,25899,658,False,,HTTP 404,article,Page not found – Media87 – Ai Powered Digital Marketing,55,,0,,max-image-preview:large,en-US,,,,,,1,The page can’t be found.,0,,0,14,0,53,5,0,0,0,0,0,,0,11,12,0,0,False,False,False,False,False,error404 wp-embed-responsive wp-theme-hello-elementor hello-elementor-default elementor-default elementor-kit-400
https://media87.com/authors-team/,https://media87.com/authors-team/,404,text/html; charset=UTF-8,25899,816,False,,HTTP 404,article,Page not found – Media87 – Ai Powered Digital Marketing,55,,0,,max-image-preview:large,en-US,,,,,,1,The page can’t be found.,0,,0,14,0,53,5,0,0,0,0,0,,0,11,12,0,0,False,False,False,False,False,error404 wp-embed-responsive wp-theme-hello-elementor hello-elementor-default elementor-default elementor-kit-400
https://media87.com/chatzen/,https://media87.com/chatzen/,404,text/html; charset=UTF-8,25899,808,False,,HTTP 404,article,Page not found – Media87 – Ai Powered Digital Marketing,55,,0,,max-image-preview:large,en-US,,,,,,1,The page can’t be found.,0,,0,14,0,53,5,0,0,0,0,0,,0,11,12,0,0,False,False,False,False,False,error404 wp-embed-responsive wp-theme-hello-elementor hello-elementor-default elementor-default elementor-kit-400
https://media87.com/contact/,https://media87.com/contact-us/,200,text/html; charset=UTF-8,73874,1727,True,,,article,Contact Us – Media87 – Ai Powered Digital Marketing,51,,0,https://media87.com/contact-us/,max-image-preview:large,en-US,,,,,,1,Contact Us,2,Get in touch and let us know how we can help. | Send us a message,1,257,0,257,7,5,2,0,1,0,,1,25,28,0,20,True,False,False,False,False,wp-singular page-template page-template-elementor_canvas page page-id-571 wp-embed-responsive wp-theme-hello-elementor hello-elementor-default elementor-default elementor-template-canvas elementor-kit-400 elementor-page elementor-page-571
https://media87.com/digital-marketing-services-dubai/,https://media87.com/digital-marketing-services-dubai/,404,text/html; charset=UTF-8,25899,822,False,,HTTP 404,article,Page not found – Media87 – Ai Powered Digital Marketing,55,,0,,max-image-preview:large,en-US,,,,,,1,The page can’t be found.,0,,0,14,0,53,5,0,0,0,0,0,,0,11,12,0,0,False,False,False,False,False,error404 wp-embed-responsive wp-theme-hello-elementor hello-elementor-default elementor-default elementor-kit-400
https://media87.com/digital-marketing-services-in-dubai/,https://media87.com/digital-marketing-services-in-dubai/,404,text/html; charset=UTF-8,25899,631,False,,HTTP 404,article,Page not found – Media87 – Ai Powered Digital Marketing,55,,0,,max-image-preview:large,en-US,,,,,,1,The page can’t be found.,0,,0,14,0,53,5,0,0,0,0,0,,0,11,12,0,0,False,False,False,False,False,error404 wp-embed-responsive wp-theme-hello-elementor hello-elementor-default elementor-default elementor-kit-400
https://media87.com/faqs/,https://media87.com/faqs/,404,text/html; charset=UTF-8,25899,1086,False,,HTTP 404,article,Page not found – Media87 – Ai Powered Digital Marketing,55,,0,,max-image-preview:large,en-US,,,,,,1,The page can’t be found.,0,,0,14,0,53,5,0,0,0,0,0,,0,11,12,0,0,False,False,False,False,False,error404 wp-embed-responsive wp-theme-hello-elementor hello-elementor-default elementor-default elementor-kit-400
https://media87.com/future-growth-lab/,https://media87.com/future-growth-lab/,404,text/html; charset=UTF-8,25899,755,False,,HTTP 404,article,Page not found – Media87 – Ai Powered Digital Marketing,55,,0,,max-image-preview:large,en-US,,,,,,1,The page can’t be found.,0,,0,14,0,53,5,0,0,0,0,0,,0,11,12,0,0,False,False,False,False,False,error404 wp-embed-responsive wp-theme-hello-elementor hello-elementor-default elementor-default elementor-kit-400
https://media87.com/geo-tagging-images-for-seo/,https://media87.com/geo-tagging-images-for-seo/,404,text/html; charset=UTF-8,25899,741,False,,HTTP 404,article,Page not found – Media87 – Ai Powered Digital Marketing,55,,0,,max-image-preview:large,en-US,,,,,,1,The page can’t be found.,0,,0,14,0,53,5,0,0,0,0,0,,0,11,12,0,0,False,False,False,False,False,error404 wp-embed-responsive wp-theme-hello-elementor hello-elementor-default elementor-default elementor-kit-400
https://media87.com/google-ads-management-dubai/,https://media87.com/google-ads-management-dubai/,404,text/html; charset=UTF-8,25899,787,False,,HTTP 404,article,Page not found – Media87 – Ai Powered Digital Marketing,55,,0,,max-image-preview:large,en-US,,,,,,1,The page can’t be found.,0,,0,14,0,53,5,0,0,0,0,0,,0,11,12,0,0,False,False,False,False,False,error404 wp-embed-responsive wp-theme-hello-elementor hello-elementor-default elementor-default elementor-kit-400
https://media87.com/hosting/,https://media87.com/hosting/,404,text/html; charset=UTF-8,25899,1178,False,,HTTP 404,article,Page not found – Media87 – Ai Powered Digital Marketing,55,,0,,max-image-preview:large,en-US,,,,,,1,The page can’t be found.,0,,0,14,0,53,5,0,0,0,0,0,,0,11,12,0,0,False,False,False,False,False,error404 wp-embed-responsive wp-theme-hello-elementor hello-elementor-default elementor-default elementor-kit-400
https://media87.com/local-seo-services/,https://media87.com/local-seo-services/,404,text/html; charset=UTF-8,25899,753,False,,HTTP 404,article,Page not found – Media87 – Ai Powered Digital Marketing,55,,0,,max-image-preview:large,en-US,,,,,,1,The page can’t be found.,0,,0,14,0,53,5,0,0,0,0,0,,0,11,12,0,0,False,False,False,False,False,error404 wp-embed-responsive wp-theme-hello-elementor hello-elementor-default elementor-default elementor-kit-400
https://media87.com/localzen/,https://media87.com/localzen/,404,text/html; charset=UTF-8,25899,843,False,,HTTP 404,article,Page not found – Media87 – Ai Powered Digital Marketing,55,,0,,max-image-preview:large,en-US,,,,,,1,The page can’t be found.,0,,0,14,0,53,5,0,0,0,0,0,,0,11,12,0,0,False,False,False,False,False,error404 wp-embed-responsive wp-theme-hello-elementor hello-elementor-default elementor-default elementor-kit-400
https://media87.com/seo-for-dubai-businesses/,https://media87.com/seo-for-dubai-businesses/,404,text/html; charset=UTF-8,25899,735,False,,HTTP 404,article,Page not found – Media87 – Ai Powered Digital Marketing,55,,0,,max-image-preview:large,en-US,,,,,,1,The page can’t be found.,0,,0,14,0,53,5,0,0,0,0,0,,0,11,12,0,0,False,False,False,False,False,error404 wp-embed-responsive wp-theme-hello-elementor hello-elementor-default elementor-default elementor-kit-400
https://media87.com/seo-services-dubai/,https://media87.com/seo-services-dubai/,404,text/html; charset=UTF-8,25899,797,False,,HTTP 404,article,Page not found – Media87 – Ai Powered Digital Marketing,55,,0,,max-image-preview:large,en-US,,,,,,1,The page can’t be found.,0,,0,14,0,53,5,0,0,0,0,0,,0,11,12,0,0,False,False,False,False,False,error404 wp-embed-responsive wp-theme-hello-elementor hello-elementor-default elementor-default elementor-kit-400
https://media87.com/seo-vs-google-ads-dubai-businesses-2026/,https://media87.com/seo-vs-google-ads-dubai-businesses/,200,text/html; charset=UTF-8,88051,1357,True,,,article,SEO vs Google Ads for Dubai Businesses: Which One Should You Choose in 2026? – Media87 – Ai Powered Digital Marketing,117,"Compare SEO vs Google Ads for Dubai businesses: cost, speed, ROI, timeline, and when to combine both for stronger lead generation and long-term growth.",151,https://media87.com/seo-vs-google-ads-dubai-businesses/,max-image-preview:large,en-US,,,,,,1,SEO vs Google Ads for Dubai Businesses: Which One Should You Choose in 2026?,17,"TL;DR — SEO vs Google Ads for Dubai Businesses | Quick Comparison: SEO vs Google Ads | When SEO Is the Better First Move | When Google Ads Is the Better First Move | When You Should Use Both Together | Cost, Timeline, and ROI Differences | Questions to Ask Before Choosing a Channel | Media87 Recommendation Framework | FAQ | Final Take | 90-Day SEO + Google Ads Action Plan | A practical decision framework: SEO, Google Ads, or both? | How to combine SEO and Google Ads without wasting budget | Common mistakes when choosing between SEO and Google Ads | Channel checklist before you decide | FAQs | Leave a Reply Cancel reply",12,14,1722,2090,20,3,6,0,2,0,,1,27,26,0,19,False,True,False,False,False,
https://media87.com/wp-content/uploads/2026/01/muddaser-portfolio.pdf,https://media87.com/wp-content/uploads/2026/01/muddaser-portfolio.pdf,404,text/html; charset=UTF-8,25968,622,False,,HTTP 404,article,Page not found – Media87 – Ai Powered Digital Marketing,55,,0,,max-image-preview:large,en-US,,,,,,1,The page can’t be found.,0,,0,14,0,53,5,0,0,0,0,0,,0,11,12,0,0,False,False,False,False,False,error404 wp-embed-responsive wp-theme-hello-elementor hello-elementor-default elementor-default elementor-kit-400
