page_url,image_url,alt,alt_attribute_present,width,height,loading,fetchpriority
https://media87.com/,https://media87.com/wp-content/uploads/2026/07/1.png,Edward Clarke,True,,,,
https://media87.com/,https://media87.com/wp-content/uploads/2026/07/1.webp,1,True,,,,
https://media87.com/,https://media87.com/wp-content/uploads/2026/07/2.png,Lexie Watson,True,,,,
https://media87.com/,https://media87.com/wp-content/uploads/2026/07/2.webp,2,True,,,,
https://media87.com/,https://media87.com/wp-content/uploads/2026/07/3.png,Hattie Harrison,True,,,,
https://media87.com/,https://media87.com/wp-content/uploads/2026/07/3.webp,3,True,,,,
https://media87.com/,https://media87.com/wp-content/uploads/2026/07/4.webp,4,True,,,,
https://media87.com/,https://media87.com/wp-content/uploads/2026/07/5.webp,5,True,,,,
https://media87.com/,https://media87.com/wp-content/uploads/2026/07/6.webp,6,True,,,,
https://media87.com/,https://media87.com/wp-content/uploads/2026/07/7.webp,7,True,,,,
https://media87.com/,https://media87.com/wp-content/uploads/2026/07/Media87-2.jpeg,,True,1376,768,,high
https://media87.com/,https://media87.com/wp-content/uploads/2026/07/Media87.jpeg,,True,1376,768,,
https://media87.com/,https://media87.com/wp-content/uploads/elementor/thumbs/cropped-logo-rquhhp72kff4mfaxa1ogr4mx9nikif26rixyre7rb4.webp,cropped-logo,True,,,lazy,
https://media87.com/,https://media87.com/wp-content/uploads/elementor/thumbs/cropped-logo-rquhhp72kff7hjqbop3eqx94ishyhn4ybtb9g0buo0.webp,cropped-logo,True,,,lazy,
https://media87.com/about-us/,https://media87.com/wp-content/uploads/2026/07/1.webp,1,True,,,,
https://media87.com/about-us/,https://media87.com/wp-content/uploads/2026/07/2.webp,2,True,,,,
https://media87.com/about-us/,https://media87.com/wp-content/uploads/2026/07/3.webp,3,True,,,,
https://media87.com/about-us/,https://media87.com/wp-content/uploads/2026/07/4.webp,4,True,,,,
https://media87.com/about-us/,https://media87.com/wp-content/uploads/2026/07/5.webp,5,True,,,,
https://media87.com/about-us/,https://media87.com/wp-content/uploads/2026/07/6.webp,6,True,,,,
https://media87.com/about-us/,https://media87.com/wp-content/uploads/2026/07/7.webp,7,True,,,,
https://media87.com/about-us/,https://media87.com/wp-content/uploads/2026/07/Logo.png,,True,179,40,,
https://media87.com/about-us/,https://media87.com/wp-content/uploads/2026/07/marketing-meeting-in-office.jpg,,True,1280,854,,
https://media87.com/about-us/,https://media87.com/wp-content/uploads/2026/07/the-smart-generation.jpg,,True,1280,853,,high
https://media87.com/about-us/,https://media87.com/wp-content/uploads/elementor/thumbs/cropped-logo-rquhhp72kff4mfaxa1ogr4mx9nikif26rixyre7rb4.webp,cropped-logo,True,,,lazy,
https://media87.com/ai-seo-dubai-smes-30-day-checklist/,https://media87.com/wp-content/uploads/2026/06/media87-ai-seo-dubai-inline1-20260601051543.png,30-day AI SEO workflow illustration with calendar and optimization steps,True,,,,
https://media87.com/ai-seo-dubai-smes-30-day-checklist/,https://media87.com/wp-content/uploads/2026/06/media87-ai-seo-dubai-inline2-20260601051552.png,Local SEO performance analysis setup for a Dubai small business campaign,True,,,,
https://media87.com/ai-seo-dubai-smes-30-day-checklist/,https://media87.com/wp-content/uploads/2026/07/Google-Ads-Agency-Dubai.webp,Google Ads Agency Dubai,True,1200,670,,
https://media87.com/ai-seo-dubai-smes-30-day-checklist/,https://media87.com/wp-content/uploads/2026/07/Logo.png,,True,179,40,,
https://media87.com/ai-seo-dubai-smes-30-day-checklist/,https://media87.com/wp-content/uploads/elementor/thumbs/cropped-logo-rquhhp72kff4mfaxa1ogr4mx9nikif26rixyre7rb4.webp,cropped-logo,True,,,lazy,
https://media87.com/ai-seo-dubai-smes-30-day-checklist/,https://secure.gravatar.com/avatar/f7696fe11a8caf5f81d3ffd4ebf932c21458c6765b315375d6a87b2408c8c504?s=300&d=mm&r=g,muddaser321@gmail.com,True,,,lazy,
https://media87.com/ai-video-creation-service/,https://media87.com/wp-content/uploads/2026/07/Logo.png,,True,179,40,,
https://media87.com/ai-video-creation-service/,https://media87.com/wp-content/uploads/elementor/thumbs/cropped-logo-rquhhp72kff4mfaxa1ogr4mx9nikif26rixyre7rb4.webp,cropped-logo,True,,,lazy,
https://media87.com/arabic-vs-english-seo-uae-businesses/,https://media87.com/wp-content/uploads/2026/06/media87-arabic-english-seo-editorial-hero.webp,Arabic and English SEO strategy for UAE businesses,True,,,,
https://media87.com/arabic-vs-english-seo-uae-businesses/,https://media87.com/wp-content/uploads/2026/06/media87-arabic-english-seo-isometric-roadmap.webp,Bilingual SEO roadmap for UAE businesses,True,,,,
https://media87.com/arabic-vs-english-seo-uae-businesses/,https://media87.com/wp-content/uploads/2026/07/Google-Ads-Agency-Dubai.webp,Google Ads Agency Dubai,True,1200,670,,
https://media87.com/arabic-vs-english-seo-uae-businesses/,https://media87.com/wp-content/uploads/2026/07/Logo.png,,True,179,40,,
https://media87.com/arabic-vs-english-seo-uae-businesses/,https://media87.com/wp-content/uploads/elementor/thumbs/cropped-logo-rquhhp72kff4mfaxa1ogr4mx9nikif26rixyre7rb4.webp,cropped-logo,True,,,lazy,
https://media87.com/arabic-vs-english-seo-uae-businesses/,https://secure.gravatar.com/avatar/f7696fe11a8caf5f81d3ffd4ebf932c21458c6765b315375d6a87b2408c8c504?s=300&d=mm&r=g,muddaser321@gmail.com,True,,,lazy,
https://media87.com/author/muddaser321gmail-com/,https://media87.com/wp-content/uploads/2026/07/Google-Ads-Agency-Dubai.webp,Google Ads Agency Dubai,True,1200,670,,
https://media87.com/author/muddaser321gmail-com/,https://media87.com/wp-content/uploads/2026/07/Logo.png,,True,179,40,,
https://media87.com/author/muddaser321gmail-com/,https://media87.com/wp-content/uploads/elementor/thumbs/cropped-logo-rquhhp72kff4mfaxa1ogr4mx9nikif26rixyre7rb4.webp,cropped-logo,True,,,lazy,
https://media87.com/category/blog/,https://media87.com/wp-content/uploads/2026/07/Google-Ads-Agency-Dubai.webp,Google Ads Agency Dubai,True,1200,670,,
https://media87.com/category/blog/,https://media87.com/wp-content/uploads/2026/07/Logo.png,,True,179,40,,
https://media87.com/category/blog/,https://media87.com/wp-content/uploads/elementor/thumbs/cropped-logo-rquhhp72kff4mfaxa1ogr4mx9nikif26rixyre7rb4.webp,cropped-logo,True,,,lazy,
https://media87.com/contact-us/,https://media87.com/wp-content/uploads/2026/07/Logo.png,,True,179,40,,
https://media87.com/contact-us/,https://media87.com/wp-content/uploads/elementor/thumbs/cropped-logo-rquhhp72kff4mfaxa1ogr4mx9nikif26rixyre7rb4.webp,cropped-logo,True,,,lazy,
https://media87.com/create-cinematic-style-personal-portfolio/,https://media87.com/wp-content/uploads/2025/12/screencapture-muddaser-2025-12-19-10_36_42-910x1024.png,,True,,,,
https://media87.com/create-cinematic-style-personal-portfolio/,https://media87.com/wp-content/uploads/2026/07/Google-Ads-Agency-Dubai.webp,Google Ads Agency Dubai,True,1200,670,,
https://media87.com/create-cinematic-style-personal-portfolio/,https://media87.com/wp-content/uploads/2026/07/Logo.png,,True,179,40,,
https://media87.com/create-cinematic-style-personal-portfolio/,https://media87.com/wp-content/uploads/elementor/thumbs/cropped-logo-rquhhp72kff4mfaxa1ogr4mx9nikif26rixyre7rb4.webp,cropped-logo,True,,,lazy,
https://media87.com/create-cinematic-style-personal-portfolio/,https://secure.gravatar.com/avatar/f7696fe11a8caf5f81d3ffd4ebf932c21458c6765b315375d6a87b2408c8c504?s=300&d=mm&r=g,muddaser321@gmail.com,True,,,lazy,
https://media87.com/digital-marketing-agency-dubai-pricing-cost-breakdown/,https://media87.com/wp-content/uploads/2026/06/media87-agency-pricing-framework.webp,Digital marketing agency pricing framework for UAE businesses,True,,,,
https://media87.com/digital-marketing-agency-dubai-pricing-cost-breakdown/,https://media87.com/wp-content/uploads/2026/06/media87-digital-marketing-pricing-dubai-hero.webp,Dubai digital marketing agency pricing strategy,True,,,,
https://media87.com/digital-marketing-agency-dubai-pricing-cost-breakdown/,https://media87.com/wp-content/uploads/2026/07/Google-Ads-Agency-Dubai.webp,Google Ads Agency Dubai,True,1200,670,,
https://media87.com/digital-marketing-agency-dubai-pricing-cost-breakdown/,https://media87.com/wp-content/uploads/2026/07/Logo.png,,True,179,40,,
https://media87.com/digital-marketing-agency-dubai-pricing-cost-breakdown/,https://media87.com/wp-content/uploads/elementor/thumbs/cropped-logo-rquhhp72kff4mfaxa1ogr4mx9nikif26rixyre7rb4.webp,cropped-logo,True,,,lazy,
https://media87.com/digital-marketing-agency-dubai-pricing-cost-breakdown/,https://secure.gravatar.com/avatar/f7696fe11a8caf5f81d3ffd4ebf932c21458c6765b315375d6a87b2408c8c504?s=300&d=mm&r=g,muddaser321@gmail.com,True,,,lazy,
https://media87.com/digital-marketing-agency-jlt-dubai/,https://media87.com/wp-content/uploads/2026/01/6a0adc08-f59c-45d6-910b-d09cc20ae8cd-1024x572.png,,True,,,,
https://media87.com/digital-marketing-agency-jlt-dubai/,https://media87.com/wp-content/uploads/2026/01/Digital-marketing-company-JLT-dubai-1024x572.png,,True,,,,
https://media87.com/digital-marketing-agency-jlt-dubai/,https://media87.com/wp-content/uploads/2026/07/Google-Ads-Agency-Dubai.webp,Google Ads Agency Dubai,True,1200,670,,
https://media87.com/digital-marketing-agency-jlt-dubai/,https://media87.com/wp-content/uploads/2026/07/Logo.png,,True,179,40,,
https://media87.com/digital-marketing-agency-jlt-dubai/,https://media87.com/wp-content/uploads/2026/07/media87-digital-marketing-agency-jlt-dubai-uae-media87-framework.webp,"Decision framework visual for Digital Marketing Agency JLT Dubai, UAE | Media87",True,,,,
https://media87.com/digital-marketing-agency-jlt-dubai/,https://media87.com/wp-content/uploads/2026/07/media87-digital-marketing-agency-jlt-dubai-uae-media87-hero.webp,"Business visual for Digital Marketing Agency JLT Dubai, UAE | Media87",True,,,,
https://media87.com/digital-marketing-agency-jlt-dubai/,https://media87.com/wp-content/uploads/elementor/thumbs/cropped-logo-rquhhp72kff4mfaxa1ogr4mx9nikif26rixyre7rb4.webp,cropped-logo,True,,,lazy,
https://media87.com/digital-marketing-agency-jlt-dubai/,https://secure.gravatar.com/avatar/f7696fe11a8caf5f81d3ffd4ebf932c21458c6765b315375d6a87b2408c8c504?s=300&d=mm&r=g,muddaser321@gmail.com,True,,,lazy,
https://media87.com/dubai-ecommerce-seo-complete-guide-online-stores/,https://media87.com/wp-content/uploads/2026/06/media87-ecommerce-seo-dubai-hero.webp,Dubai e-commerce SEO roadmap for online stores,True,,,,
https://media87.com/dubai-ecommerce-seo-complete-guide-online-stores/,https://media87.com/wp-content/uploads/2026/06/media87-ecommerce-seo-framework.webp,E-commerce SEO framework for product and category pages,True,,,,
https://media87.com/dubai-ecommerce-seo-complete-guide-online-stores/,https://media87.com/wp-content/uploads/2026/07/Google-Ads-Agency-Dubai.webp,Google Ads Agency Dubai,True,1200,670,,
https://media87.com/dubai-ecommerce-seo-complete-guide-online-stores/,https://media87.com/wp-content/uploads/2026/07/Logo.png,,True,179,40,,
https://media87.com/dubai-ecommerce-seo-complete-guide-online-stores/,https://media87.com/wp-content/uploads/elementor/thumbs/cropped-logo-rquhhp72kff4mfaxa1ogr4mx9nikif26rixyre7rb4.webp,cropped-logo,True,,,lazy,
https://media87.com/dubai-ecommerce-seo-complete-guide-online-stores/,https://secure.gravatar.com/avatar/f7696fe11a8caf5f81d3ffd4ebf932c21458c6765b315375d6a87b2408c8c504?s=300&d=mm&r=g,muddaser321@gmail.com,True,,,lazy,
https://media87.com/email-automated-replies-for-your-customer-service-or-agency/,https://media87.com/wp-content/uploads/2026/01/Screenshot-2026-01-05-at-8.13.21-AM-1024x452.png,Automated in air agency workflow,True,,,,
https://media87.com/email-automated-replies-for-your-customer-service-or-agency/,https://media87.com/wp-content/uploads/2026/07/Google-Ads-Agency-Dubai.webp,Google Ads Agency Dubai,True,1200,670,,
https://media87.com/email-automated-replies-for-your-customer-service-or-agency/,https://media87.com/wp-content/uploads/2026/07/Logo.png,,True,179,40,,
https://media87.com/email-automated-replies-for-your-customer-service-or-agency/,https://media87.com/wp-content/uploads/2026/07/media87-email-automated-replies-for-your-customer-service-or-agency-framework.webp,Decision framework visual for Email Automated replies for your customer service or agency,True,,,,
https://media87.com/email-automated-replies-for-your-customer-service-or-agency/,https://media87.com/wp-content/uploads/2026/07/media87-email-automated-replies-for-your-customer-service-or-agency-hero.webp,Business visual for Email Automated replies for your customer service or agency,True,,,,
https://media87.com/email-automated-replies-for-your-customer-service-or-agency/,https://media87.com/wp-content/uploads/elementor/thumbs/cropped-logo-rquhhp72kff4mfaxa1ogr4mx9nikif26rixyre7rb4.webp,cropped-logo,True,,,lazy,
https://media87.com/email-automated-replies-for-your-customer-service-or-agency/,https://secure.gravatar.com/avatar/f7696fe11a8caf5f81d3ffd4ebf932c21458c6765b315375d6a87b2408c8c504?s=300&d=mm&r=g,muddaser321@gmail.com,True,,,lazy,
https://media87.com/google-ads-agency-dubai-questions-before-signing/,https://media87.com/wp-content/uploads/2026/07/Google-Ads-Agency-Dubai.webp,Google Ads Agency Dubai,True,1200,670,,
https://media87.com/google-ads-agency-dubai-questions-before-signing/,https://media87.com/wp-content/uploads/2026/07/Logo.png,,True,179,40,,
https://media87.com/google-ads-agency-dubai-questions-before-signing/,https://media87.com/wp-content/uploads/2026/07/media87-google-ads-agency-dubai-interview-checklist-hero.webp,Dubai business team reviewing a Google Ads agency checklist,True,,,,
https://media87.com/google-ads-agency-dubai-questions-before-signing/,https://media87.com/wp-content/uploads/elementor/thumbs/cropped-logo-rquhhp72kff4mfaxa1ogr4mx9nikif26rixyre7rb4.webp,cropped-logo,True,,,lazy,
https://media87.com/google-ads-agency-dubai-questions-before-signing/,https://secure.gravatar.com/avatar/f7696fe11a8caf5f81d3ffd4ebf932c21458c6765b315375d6a87b2408c8c504?s=300&d=mm&r=g,muddaser321@gmail.com,True,,,lazy,
https://media87.com/google-ads-management-cost-dubai-2026/,https://media87.com/wp-content/uploads/2026/06/media87-google-ads-cost-inline1-20260601051923.png,Visual comparison of Google Ads management pricing model options,True,,,,
https://media87.com/google-ads-management-cost-dubai-2026/,https://media87.com/wp-content/uploads/2026/06/media87-google-ads-cost-inline2-20260601051938.png,Specialist optimizing Google Ads targeting and budget strategy,True,,,,
https://media87.com/google-ads-management-cost-dubai-2026/,https://media87.com/wp-content/uploads/2026/07/Google-Ads-Agency-Dubai.webp,Google Ads Agency Dubai,True,1200,670,,
https://media87.com/google-ads-management-cost-dubai-2026/,https://media87.com/wp-content/uploads/2026/07/Logo.png,,True,179,40,,
https://media87.com/google-ads-management-cost-dubai-2026/,https://media87.com/wp-content/uploads/elementor/thumbs/cropped-logo-rquhhp72kff4mfaxa1ogr4mx9nikif26rixyre7rb4.webp,cropped-logo,True,,,lazy,
https://media87.com/google-ads-management-cost-dubai-2026/,https://secure.gravatar.com/avatar/f7696fe11a8caf5f81d3ffd4ebf932c21458c6765b315375d6a87b2408c8c504?s=300&d=mm&r=g,muddaser321@gmail.com,True,,,lazy,
https://media87.com/how-long-does-seo-take-uae-realistic-timelines/,https://media87.com/wp-content/uploads/2026/06/media87-seo-uae-process-framework.webp,SEO process framework and KPI checklist for Dubai businesses,True,,,,
https://media87.com/how-long-does-seo-take-uae-realistic-timelines/,https://media87.com/wp-content/uploads/2026/06/media87-seo-uae-timeline-hero.webp,Realistic SEO timeline roadmap for UAE businesses,True,,,,
https://media87.com/how-long-does-seo-take-uae-realistic-timelines/,https://media87.com/wp-content/uploads/2026/07/Google-Ads-Agency-Dubai.webp,Google Ads Agency Dubai,True,1200,670,,
https://media87.com/how-long-does-seo-take-uae-realistic-timelines/,https://media87.com/wp-content/uploads/2026/07/Logo.png,,True,179,40,,
https://media87.com/how-long-does-seo-take-uae-realistic-timelines/,https://media87.com/wp-content/uploads/elementor/thumbs/cropped-logo-rquhhp72kff4mfaxa1ogr4mx9nikif26rixyre7rb4.webp,cropped-logo,True,,,lazy,
https://media87.com/how-long-does-seo-take-uae-realistic-timelines/,https://secure.gravatar.com/avatar/f7696fe11a8caf5f81d3ffd4ebf932c21458c6765b315375d6a87b2408c8c504?s=300&d=mm&r=g,muddaser321@gmail.com,True,,,lazy,
https://media87.com/how-to-add-a-cinematic-profile-photo-to-your-gmail-step-by-step-guide/,https://media87.com/wp-content/uploads/2026/01/screenshot-03_01-01_22_17-pm-1024x762.jpg,,True,,,,
https://media87.com/how-to-add-a-cinematic-profile-photo-to-your-gmail-step-by-step-guide/,https://media87.com/wp-content/uploads/2026/07/Google-Ads-Agency-Dubai.webp,Google Ads Agency Dubai,True,1200,670,,
https://media87.com/how-to-add-a-cinematic-profile-photo-to-your-gmail-step-by-step-guide/,https://media87.com/wp-content/uploads/2026/07/Logo.png,,True,179,40,,
https://media87.com/how-to-add-a-cinematic-profile-photo-to-your-gmail-step-by-step-guide/,https://media87.com/wp-content/uploads/2026/07/media87-cinematic-gmail-profile-photo-hero.webp,Professional portrait prepared for a circular Gmail profile photo,True,,,,
https://media87.com/how-to-add-a-cinematic-profile-photo-to-your-gmail-step-by-step-guide/,https://media87.com/wp-content/uploads/2026/07/media87-gmail-profile-photo-workflow.webp,Workflow for preparing uploading and checking a Gmail profile picture,True,,,,
https://media87.com/how-to-add-a-cinematic-profile-photo-to-your-gmail-step-by-step-guide/,https://media87.com/wp-content/uploads/elementor/thumbs/cropped-logo-rquhhp72kff4mfaxa1ogr4mx9nikif26rixyre7rb4.webp,cropped-logo,True,,,lazy,
https://media87.com/how-to-add-a-cinematic-profile-photo-to-your-gmail-step-by-step-guide/,https://secure.gravatar.com/avatar/f7696fe11a8caf5f81d3ffd4ebf932c21458c6765b315375d6a87b2408c8c504?s=300&d=mm&r=g,muddaser321@gmail.com,True,,,lazy,
https://media87.com/how-to-automatically-read-classify-and-reply-to-emails-using-ai-step-by-step-n8n-guide/,https://media87.com/wp-content/uploads/2026/01/Screenshot-2026-01-25-at-3.36.59-PM-1024x490.png,,True,,,,
https://media87.com/how-to-automatically-read-classify-and-reply-to-emails-using-ai-step-by-step-n8n-guide/,https://media87.com/wp-content/uploads/2026/06/media87-how-to-automatically-read-classify-and-reply-to-emails-using-framework.webp,"Decision framework visual for How to Automatically Read, Classify, and Reply to Emails Using AI (Step-by-Step n8n Guide)",True,,,,
https://media87.com/how-to-automatically-read-classify-and-reply-to-emails-using-ai-step-by-step-n8n-guide/,https://media87.com/wp-content/uploads/2026/06/media87-how-to-automatically-read-classify-and-reply-to-emails-using-hero.webp,"Business visual for How to Automatically Read, Classify, and Reply to Emails Using AI (Step-by-Step n8n Guide)",True,,,,
https://media87.com/how-to-automatically-read-classify-and-reply-to-emails-using-ai-step-by-step-n8n-guide/,https://media87.com/wp-content/uploads/2026/07/Google-Ads-Agency-Dubai.webp,Google Ads Agency Dubai,True,1200,670,,
https://media87.com/how-to-automatically-read-classify-and-reply-to-emails-using-ai-step-by-step-n8n-guide/,https://media87.com/wp-content/uploads/2026/07/Logo.png,,True,179,40,,
https://media87.com/how-to-automatically-read-classify-and-reply-to-emails-using-ai-step-by-step-n8n-guide/,https://media87.com/wp-content/uploads/elementor/thumbs/cropped-logo-rquhhp72kff4mfaxa1ogr4mx9nikif26rixyre7rb4.webp,cropped-logo,True,,,lazy,
https://media87.com/how-to-automatically-read-classify-and-reply-to-emails-using-ai-step-by-step-n8n-guide/,https://secure.gravatar.com/avatar/f7696fe11a8caf5f81d3ffd4ebf932c21458c6765b315375d6a87b2408c8c504?s=300&d=mm&r=g,muddaser321@gmail.com,True,,,lazy,
https://media87.com/how-to-choose-dubai-digital-marketing-companies-partner/,https://media87.com/wp-content/uploads/2026/06/media87-agency-selection-scorecard.webp,Digital marketing agency selection scorecard for UAE businesses,True,,,,
https://media87.com/how-to-choose-dubai-digital-marketing-companies-partner/,https://media87.com/wp-content/uploads/2026/06/media87-digital-marketing-companies-dubai-hero.webp,Dubai business choosing a digital marketing company,True,,,,
https://media87.com/how-to-choose-dubai-digital-marketing-companies-partner/,https://media87.com/wp-content/uploads/2026/07/Google-Ads-Agency-Dubai.webp,Google Ads Agency Dubai,True,1200,670,,
https://media87.com/how-to-choose-dubai-digital-marketing-companies-partner/,https://media87.com/wp-content/uploads/2026/07/Logo.png,,True,179,40,,
https://media87.com/how-to-choose-dubai-digital-marketing-companies-partner/,https://media87.com/wp-content/uploads/elementor/thumbs/cropped-logo-rquhhp72kff4mfaxa1ogr4mx9nikif26rixyre7rb4.webp,cropped-logo,True,,,lazy,
https://media87.com/how-to-choose-dubai-digital-marketing-companies-partner/,https://secure.gravatar.com/avatar/f7696fe11a8caf5f81d3ffd4ebf932c21458c6765b315375d6a87b2408c8c504?s=300&d=mm&r=g,muddaser321@gmail.com,True,,,lazy,
https://media87.com/how-to-create-ultra-realistic-human-sound-voice-with-prompting/,https://media87.com/wp-content/uploads/2026/07/Google-Ads-Agency-Dubai.webp,Google Ads Agency Dubai,True,1200,670,,
https://media87.com/how-to-create-ultra-realistic-human-sound-voice-with-prompting/,https://media87.com/wp-content/uploads/2026/07/Logo.png,,True,179,40,,
https://media87.com/how-to-create-ultra-realistic-human-sound-voice-with-prompting/,https://media87.com/wp-content/uploads/2026/07/media87-how-to-create-ultra-realistic-human-sound-voice-with-prompti-framework.webp,Decision framework visual for How to create ultra realistic human sound voice with prompting,True,,,,
https://media87.com/how-to-create-ultra-realistic-human-sound-voice-with-prompting/,https://media87.com/wp-content/uploads/2026/07/media87-how-to-create-ultra-realistic-human-sound-voice-with-prompti-hero.webp,Business visual for How to create ultra realistic human sound voice with prompting,True,,,,
https://media87.com/how-to-create-ultra-realistic-human-sound-voice-with-prompting/,https://media87.com/wp-content/uploads/elementor/thumbs/cropped-logo-rquhhp72kff4mfaxa1ogr4mx9nikif26rixyre7rb4.webp,cropped-logo,True,,,lazy,
https://media87.com/how-to-create-ultra-realistic-human-sound-voice-with-prompting/,https://secure.gravatar.com/avatar/f7696fe11a8caf5f81d3ffd4ebf932c21458c6765b315375d6a87b2408c8c504?s=300&d=mm&r=g,muddaser321@gmail.com,True,,,lazy,
https://media87.com/how-to-make-ai-ultra-realistic-ads/,https://media87.com/wp-content/uploads/2025/12/29bf831b-e794-4f4f-9cb4-dde180f35da3-min-1024x572.png,,True,,,,
https://media87.com/how-to-make-ai-ultra-realistic-ads/,https://media87.com/wp-content/uploads/2025/12/2a8b9f81-d1db-4f0a-9a06-7b4c78673c9c-min-1024x572.png,,True,,,,
https://media87.com/how-to-make-ai-ultra-realistic-ads/,https://media87.com/wp-content/uploads/2025/12/35b11c85-9b6d-4f6e-a068-ba7fd922215e-min-1024x572.png,,True,,,,
https://media87.com/how-to-make-ai-ultra-realistic-ads/,https://media87.com/wp-content/uploads/2025/12/57d5b36f-6e80-4190-b7e4-c6d3eab5455f-min-1024x572.png,,True,,,,
https://media87.com/how-to-make-ai-ultra-realistic-ads/,https://media87.com/wp-content/uploads/2025/12/5ec3451b-0bb9-482d-9292-7ffa89fb795d-min-1024x572.png,,True,,,,
https://media87.com/how-to-make-ai-ultra-realistic-ads/,https://media87.com/wp-content/uploads/2025/12/IMG_9757-472x1024.jpg,,True,,,,
https://media87.com/how-to-make-ai-ultra-realistic-ads/,https://media87.com/wp-content/uploads/2025/12/aa064027-8781-4377-a186-65b18babe231-min-1024x572.png,,True,,,,
https://media87.com/how-to-make-ai-ultra-realistic-ads/,https://media87.com/wp-content/uploads/2026/07/Google-Ads-Agency-Dubai.webp,Google Ads Agency Dubai,True,1200,670,,
https://media87.com/how-to-make-ai-ultra-realistic-ads/,https://media87.com/wp-content/uploads/2026/07/Logo.png,,True,179,40,,
https://media87.com/how-to-make-ai-ultra-realistic-ads/,https://media87.com/wp-content/uploads/elementor/thumbs/cropped-logo-rquhhp72kff4mfaxa1ogr4mx9nikif26rixyre7rb4.webp,cropped-logo,True,,,lazy,
https://media87.com/how-to-make-ai-ultra-realistic-ads/,https://secure.gravatar.com/avatar/f7696fe11a8caf5f81d3ffd4ebf932c21458c6765b315375d6a87b2408c8c504?s=300&d=mm&r=g,muddaser321@gmail.com,True,,,lazy,
https://media87.com/how-to-make-linkedin-post-assistant-with-n8n/,https://media87.com/wp-content/uploads/2025/12/Screenshot-2025-12-24-at-2.21.52-PM-1024x534.png,,True,,,,
https://media87.com/how-to-make-linkedin-post-assistant-with-n8n/,https://media87.com/wp-content/uploads/2026/07/Google-Ads-Agency-Dubai.webp,Google Ads Agency Dubai,True,1200,670,,
https://media87.com/how-to-make-linkedin-post-assistant-with-n8n/,https://media87.com/wp-content/uploads/2026/07/Logo.png,,True,179,40,,
https://media87.com/how-to-make-linkedin-post-assistant-with-n8n/,https://media87.com/wp-content/uploads/2026/07/media87-linkedin-content-automation-governance.webp,LinkedIn content automation framework with approval and duplicate protection,True,,,,
https://media87.com/how-to-make-linkedin-post-assistant-with-n8n/,https://media87.com/wp-content/uploads/2026/07/media87-linkedin-post-assistant-n8n-workflow.webp,Controlled n8n workflow for drafting reviewing and publishing LinkedIn posts,True,,,,
https://media87.com/how-to-make-linkedin-post-assistant-with-n8n/,https://media87.com/wp-content/uploads/elementor/thumbs/cropped-logo-rquhhp72kff4mfaxa1ogr4mx9nikif26rixyre7rb4.webp,cropped-logo,True,,,lazy,
https://media87.com/how-to-make-linkedin-post-assistant-with-n8n/,https://secure.gravatar.com/avatar/f7696fe11a8caf5f81d3ffd4ebf932c21458c6765b315375d6a87b2408c8c504?s=300&d=mm&r=g,muddaser321@gmail.com,True,,,lazy,
https://media87.com/how-to-save-token-cost-and-make-openclaw-secure-with-one-prompt/,https://media87.com/wp-content/uploads/2026/07/Google-Ads-Agency-Dubai.webp,Google Ads Agency Dubai,True,1200,670,,
https://media87.com/how-to-save-token-cost-and-make-openclaw-secure-with-one-prompt/,https://media87.com/wp-content/uploads/2026/07/Logo.png,,True,179,40,,
https://media87.com/how-to-save-token-cost-and-make-openclaw-secure-with-one-prompt/,https://media87.com/wp-content/uploads/elementor/thumbs/cropped-logo-rquhhp72kff4mfaxa1ogr4mx9nikif26rixyre7rb4.webp,cropped-logo,True,,,lazy,
https://media87.com/how-to-save-token-cost-and-make-openclaw-secure-with-one-prompt/,https://secure.gravatar.com/avatar/f7696fe11a8caf5f81d3ffd4ebf932c21458c6765b315375d6a87b2408c8c504?s=300&d=mm&r=g,muddaser321@gmail.com,True,,,lazy,
https://media87.com/local-seo-dubai-how-to-rank-for-near-me-searches-in-2026/,https://media87.com/wp-content/uploads/2025/11/Local-SEO-1.jpg,Google Maps local ranking factors checklist for Dubai,True,,,,
https://media87.com/local-seo-dubai-how-to-rank-for-near-me-searches-in-2026/,https://media87.com/wp-content/uploads/2026/05/local-seo-dubai-workflow-media87.webp,Local SEO strategy workflow for Dubai business growth,True,,,,
https://media87.com/local-seo-dubai-how-to-rank-for-near-me-searches-in-2026/,https://media87.com/wp-content/uploads/2026/06/media87-local-seo-dubai-checklist-links.webp,Local SEO checklist with reviews links and lead generation signals,True,,,,
https://media87.com/local-seo-dubai-how-to-rank-for-near-me-searches-in-2026/,https://media87.com/wp-content/uploads/2026/06/media87-local-seo-dubai-isometric-map-analytics.webp,Local SEO Dubai map visibility and analytics framework,True,,,,
https://media87.com/local-seo-dubai-how-to-rank-for-near-me-searches-in-2026/,https://media87.com/wp-content/uploads/2026/07/Google-Ads-Agency-Dubai.webp,Google Ads Agency Dubai,True,1200,670,,
https://media87.com/local-seo-dubai-how-to-rank-for-near-me-searches-in-2026/,https://media87.com/wp-content/uploads/2026/07/Logo.png,,True,179,40,,
https://media87.com/local-seo-dubai-how-to-rank-for-near-me-searches-in-2026/,https://media87.com/wp-content/uploads/elementor/thumbs/cropped-logo-rquhhp72kff4mfaxa1ogr4mx9nikif26rixyre7rb4.webp,cropped-logo,True,,,lazy,
https://media87.com/local-seo-dubai-how-to-rank-for-near-me-searches-in-2026/,https://secure.gravatar.com/avatar/f7696fe11a8caf5f81d3ffd4ebf932c21458c6765b315375d6a87b2408c8c504?s=300&d=mm&r=g,muddaser321@gmail.com,True,,,lazy,
https://media87.com/local-seo-guide-2025-how-to-dominate-local-search-rankings/,https://media87.com/wp-content/uploads/2026/06/media87-local-seo-guide-2025-how-to-dominate-local-search-rankings-framework.webp,Decision framework visual for Local SEO Guide 2025: How to Dominate Local Search Rankings,True,,,,
https://media87.com/local-seo-guide-2025-how-to-dominate-local-search-rankings/,https://media87.com/wp-content/uploads/2026/06/media87-local-seo-guide-2025-how-to-dominate-local-search-rankings-hero.webp,Business visual for Local SEO Guide 2025: How to Dominate Local Search Rankings,True,,,,
https://media87.com/local-seo-guide-2025-how-to-dominate-local-search-rankings/,https://media87.com/wp-content/uploads/2026/07/Google-Ads-Agency-Dubai.webp,Google Ads Agency Dubai,True,1200,670,,
https://media87.com/local-seo-guide-2025-how-to-dominate-local-search-rankings/,https://media87.com/wp-content/uploads/2026/07/Logo.png,,True,179,40,,
https://media87.com/local-seo-guide-2025-how-to-dominate-local-search-rankings/,https://media87.com/wp-content/uploads/elementor/thumbs/cropped-logo-rquhhp72kff4mfaxa1ogr4mx9nikif26rixyre7rb4.webp,cropped-logo,True,,,lazy,
https://media87.com/local-seo-guide-2025-how-to-dominate-local-search-rankings/,https://secure.gravatar.com/avatar/f7696fe11a8caf5f81d3ffd4ebf932c21458c6765b315375d6a87b2408c8c504?s=300&d=mm&r=g,muddaser321@gmail.com,True,,,lazy,
https://media87.com/local-seo-in-2026-practical-playbook-for-dubai-businesses/,https://media87.com/wp-content/uploads/2026/07/Google-Ads-Agency-Dubai.webp,Google Ads Agency Dubai,True,1200,670,,
https://media87.com/local-seo-in-2026-practical-playbook-for-dubai-businesses/,https://media87.com/wp-content/uploads/2026/07/Logo.png,,True,179,40,,
https://media87.com/local-seo-in-2026-practical-playbook-for-dubai-businesses/,https://media87.com/wp-content/uploads/elementor/thumbs/cropped-logo-rquhhp72kff4mfaxa1ogr4mx9nikif26rixyre7rb4.webp,cropped-logo,True,,,lazy,
https://media87.com/local-seo-in-2026-practical-playbook-for-dubai-businesses/,https://prompt-rack.s3.amazonaws.com/api/1771164926702_gWiJlxA8.png,Local SEO strategy,True,,,,
https://media87.com/local-seo-in-2026-practical-playbook-for-dubai-businesses/,https://secure.gravatar.com/avatar/f7696fe11a8caf5f81d3ffd4ebf932c21458c6765b315375d6a87b2408c8c504?s=300&d=mm&r=g,muddaser321@gmail.com,True,,,lazy,
https://media87.com/local-seo-what-it-is-how-to-do-it-complete-2026-guide/,https://media87.com/wp-content/uploads/2026/07/Google-Ads-Agency-Dubai.webp,Google Ads Agency Dubai,True,1200,670,,
https://media87.com/local-seo-what-it-is-how-to-do-it-complete-2026-guide/,https://media87.com/wp-content/uploads/2026/07/Logo.png,,True,179,40,,
https://media87.com/local-seo-what-it-is-how-to-do-it-complete-2026-guide/,https://media87.com/wp-content/uploads/2026/07/media87-local-seo-what-it-is-how-to-do-it-complete-2026-guide-framework.webp,Decision framework visual for Local SEO: What It Is & How to Do It (Complete 2026 Guide),True,,,,
https://media87.com/local-seo-what-it-is-how-to-do-it-complete-2026-guide/,https://media87.com/wp-content/uploads/2026/07/media87-local-seo-what-it-is-how-to-do-it-complete-2026-guide-hero.webp,Business visual for Local SEO: What It Is & How to Do It (Complete 2026 Guide),True,,,,
https://media87.com/local-seo-what-it-is-how-to-do-it-complete-2026-guide/,https://media87.com/wp-content/uploads/elementor/thumbs/cropped-logo-rquhhp72kff4mfaxa1ogr4mx9nikif26rixyre7rb4.webp,cropped-logo,True,,,lazy,
https://media87.com/local-seo-what-it-is-how-to-do-it-complete-2026-guide/,https://secure.gravatar.com/avatar/f7696fe11a8caf5f81d3ffd4ebf932c21458c6765b315375d6a87b2408c8c504?s=300&d=mm&r=g,muddaser321@gmail.com,True,,,lazy,
https://media87.com/portfolio/,https://media87.com/wp-content/uploads/2026/01/hf_20260126_080019_00df209b-050a-469e-be16-6a38363a3ac2-765x1024.png,,True,,,,
https://media87.com/portfolio/,https://media87.com/wp-content/uploads/2026/01/hf_20260126_080042_6f63d48a-5bf2-458e-8793-eca6176f4b8c-765x1024.png,,True,,,,
https://media87.com/portfolio/,https://media87.com/wp-content/uploads/2026/06/media87-digital-portfolio-framework.webp,Decision framework visual for Digital portfolio,True,,,,
https://media87.com/portfolio/,https://media87.com/wp-content/uploads/2026/06/media87-digital-portfolio-hero.webp,Business visual for Digital portfolio,True,,,,
https://media87.com/portfolio/,https://media87.com/wp-content/uploads/2026/07/Google-Ads-Agency-Dubai.webp,Google Ads Agency Dubai,True,1200,670,,
https://media87.com/portfolio/,https://media87.com/wp-content/uploads/2026/07/Logo.png,,True,179,40,,
https://media87.com/portfolio/,https://media87.com/wp-content/uploads/elementor/thumbs/cropped-logo-rquhhp72kff4mfaxa1ogr4mx9nikif26rixyre7rb4.webp,cropped-logo,True,,,lazy,
https://media87.com/portfolio/,https://secure.gravatar.com/avatar/f7696fe11a8caf5f81d3ffd4ebf932c21458c6765b315375d6a87b2408c8c504?s=300&d=mm&r=g,muddaser321@gmail.com,True,,,lazy,
https://media87.com/seo-consultant-dubai-process-timeline-results/,https://media87.com/wp-content/uploads/2026/06/seo-consultant-dubai-process-row10-1.webp,SEO consultant Dubai process roadmap,True,,,,
https://media87.com/seo-consultant-dubai-process-timeline-results/,https://media87.com/wp-content/uploads/2026/06/seo-consultant-dubai-process-row10-2.webp,SEO consulting timeline and KPI framework,True,,,,
https://media87.com/seo-consultant-dubai-process-timeline-results/,https://media87.com/wp-content/uploads/2026/07/Google-Ads-Agency-Dubai.webp,Google Ads Agency Dubai,True,1200,670,,
https://media87.com/seo-consultant-dubai-process-timeline-results/,https://media87.com/wp-content/uploads/2026/07/Logo.png,,True,179,40,,
https://media87.com/seo-consultant-dubai-process-timeline-results/,https://media87.com/wp-content/uploads/elementor/thumbs/cropped-logo-rquhhp72kff4mfaxa1ogr4mx9nikif26rixyre7rb4.webp,cropped-logo,True,,,lazy,
https://media87.com/seo-consultant-dubai-process-timeline-results/,https://secure.gravatar.com/avatar/f7696fe11a8caf5f81d3ffd4ebf932c21458c6765b315375d6a87b2408c8c504?s=300&d=mm&r=g,muddaser321@gmail.com,True,,,lazy,
https://media87.com/seo-cost-dubai-buyer-guide/,https://media87.com/wp-content/uploads/2026/06/media87-seo-cost-dubai-budget-framework-straico-v2.webp,SEO cost in Dubai budget planning framework,True,,,,
https://media87.com/seo-cost-dubai-buyer-guide/,https://media87.com/wp-content/uploads/2026/06/media87-seo-cost-dubai-buyer-checklist-straico-v2.webp,Dubai SEO buyer checklist for comparing agency pricing,True,,,,
https://media87.com/seo-cost-dubai-buyer-guide/,https://media87.com/wp-content/uploads/2026/07/Google-Ads-Agency-Dubai.webp,Google Ads Agency Dubai,True,1200,670,,
https://media87.com/seo-cost-dubai-buyer-guide/,https://media87.com/wp-content/uploads/2026/07/Logo.png,,True,179,40,,
https://media87.com/seo-cost-dubai-buyer-guide/,https://media87.com/wp-content/uploads/elementor/thumbs/cropped-logo-rquhhp72kff4mfaxa1ogr4mx9nikif26rixyre7rb4.webp,cropped-logo,True,,,lazy,
https://media87.com/seo-cost-dubai-buyer-guide/,https://secure.gravatar.com/avatar/f7696fe11a8caf5f81d3ffd4ebf932c21458c6765b315375d6a87b2408c8c504?s=300&d=mm&r=g,muddaser321@gmail.com,True,,,lazy,
https://media87.com/seo-vs-google-ads-dubai-businesses/,https://media87.com/wp-content/uploads/2026/06/seo-vs-google-ads-dubai-budget-roadmap.webp,SEO and Google Ads budget roadmap visual for UAE companies,True,,,,
https://media87.com/seo-vs-google-ads-dubai-businesses/,https://media87.com/wp-content/uploads/2026/06/seo-vs-google-ads-dubai-decision-framework.webp,SEO vs Google Ads decision framework visual for Dubai businesses,True,,,,
https://media87.com/seo-vs-google-ads-dubai-businesses/,https://media87.com/wp-content/uploads/2026/07/Google-Ads-Agency-Dubai.webp,Google Ads Agency Dubai,True,1200,670,,
https://media87.com/seo-vs-google-ads-dubai-businesses/,https://media87.com/wp-content/uploads/2026/07/Logo.png,,True,179,40,,
https://media87.com/seo-vs-google-ads-dubai-businesses/,https://media87.com/wp-content/uploads/elementor/thumbs/cropped-logo-rquhhp72kff4mfaxa1ogr4mx9nikif26rixyre7rb4.webp,cropped-logo,True,,,lazy,
https://media87.com/seo-vs-google-ads-dubai-businesses/,https://secure.gravatar.com/avatar/f7696fe11a8caf5f81d3ffd4ebf932c21458c6765b315375d6a87b2408c8c504?s=300&d=mm&r=g,muddaser321@gmail.com,True,,,lazy,
https://media87.com/services/,https://media87.com/wp-content/uploads/2026/07/Logo.png,,True,179,40,,
https://media87.com/services/,https://media87.com/wp-content/uploads/elementor/thumbs/cropped-logo-rquhhp72kff4mfaxa1ogr4mx9nikif26rixyre7rb4.webp,cropped-logo,True,,,lazy,
https://media87.com/social-media-marketing-agency-dubai-services-costs-hiring-checklist/,https://media87.com/wp-content/uploads/2026/07/Google-Ads-Agency-Dubai.webp,Google Ads Agency Dubai,True,1200,670,,
https://media87.com/social-media-marketing-agency-dubai-services-costs-hiring-checklist/,https://media87.com/wp-content/uploads/2026/07/Logo.png,,True,179,40,,
https://media87.com/social-media-marketing-agency-dubai-services-costs-hiring-checklist/,https://media87.com/wp-content/uploads/2026/07/media87-social-media-agency-dubai-scorecard-hero.webp,Dubai business team selecting a social media marketing agency,True,,,,
https://media87.com/social-media-marketing-agency-dubai-services-costs-hiring-checklist/,https://media87.com/wp-content/uploads/2026/07/media87-social-media-services-cost-framework.webp,Social media agency services and cost decision framework,True,,,,
https://media87.com/social-media-marketing-agency-dubai-services-costs-hiring-checklist/,https://media87.com/wp-content/uploads/elementor/thumbs/cropped-logo-rquhhp72kff4mfaxa1ogr4mx9nikif26rixyre7rb4.webp,cropped-logo,True,,,lazy,
https://media87.com/social-media-marketing-agency-dubai-services-costs-hiring-checklist/,https://secure.gravatar.com/avatar/f7696fe11a8caf5f81d3ffd4ebf932c21458c6765b315375d6a87b2408c8c504?s=300&d=mm&r=g,muddaser321@gmail.com,True,,,lazy,
https://media87.com/top-digital-marketers-in-pakistan/,https://media87.com/wp-content/uploads/2026/04/2.png,,True,,,,
https://media87.com/top-digital-marketers-in-pakistan/,https://media87.com/wp-content/uploads/2026/04/3.png,,True,,,,
https://media87.com/top-digital-marketers-in-pakistan/,https://media87.com/wp-content/uploads/2026/04/4.png,,True,,,,
https://media87.com/top-digital-marketers-in-pakistan/,https://media87.com/wp-content/uploads/2026/04/5.png,,True,,,,
https://media87.com/top-digital-marketers-in-pakistan/,https://media87.com/wp-content/uploads/2026/04/6-1.png,,True,,,,
https://media87.com/top-digital-marketers-in-pakistan/,https://media87.com/wp-content/uploads/2026/04/7-1.png,,True,,,,
https://media87.com/top-digital-marketers-in-pakistan/,https://media87.com/wp-content/uploads/2026/04/8.png,,True,,,,
https://media87.com/top-digital-marketers-in-pakistan/,https://media87.com/wp-content/uploads/2026/04/About-Shan-Mehar.webp,,True,,,,
https://media87.com/top-digital-marketers-in-pakistan/,https://media87.com/wp-content/uploads/2026/04/M.-Rameez-Ul-Haq.png,,True,,,,
https://media87.com/top-digital-marketers-in-pakistan/,https://media87.com/wp-content/uploads/2026/04/images-2.jpg,,True,,,,
https://media87.com/top-digital-marketers-in-pakistan/,https://media87.com/wp-content/uploads/2026/06/media87-digital-marketer-hiring-framework.webp,Digital marketer hiring checklist and growth roadmap visual,True,,,,
https://media87.com/top-digital-marketers-in-pakistan/,https://media87.com/wp-content/uploads/2026/06/media87-top-digital-marketers-expert-evaluation.webp,Digital marketing expert evaluation framework for Pakistani and UAE businesses,True,,,,
https://media87.com/top-digital-marketers-in-pakistan/,https://media87.com/wp-content/uploads/2026/07/Google-Ads-Agency-Dubai.webp,Google Ads Agency Dubai,True,1200,670,,
https://media87.com/top-digital-marketers-in-pakistan/,https://media87.com/wp-content/uploads/2026/07/Logo.png,,True,179,40,,
https://media87.com/top-digital-marketers-in-pakistan/,https://media87.com/wp-content/uploads/elementor/thumbs/cropped-logo-rquhhp72kff4mfaxa1ogr4mx9nikif26rixyre7rb4.webp,cropped-logo,True,,,lazy,
https://media87.com/top-digital-marketers-in-pakistan/,https://secure.gravatar.com/avatar/f7696fe11a8caf5f81d3ffd4ebf932c21458c6765b315375d6a87b2408c8c504?s=300&d=mm&r=g,muddaser321@gmail.com,True,,,lazy,
https://media87.com/top-mistakes-to-avoid-when-hiring-seo-in-uae/,https://media87.com/wp-content/uploads/2026/06/media87-hiring-seo-uae-mistakes-hero.webp,UAE business reviewing SEO hiring risks,True,,,,
https://media87.com/top-mistakes-to-avoid-when-hiring-seo-in-uae/,https://media87.com/wp-content/uploads/2026/06/media87-seo-hiring-due-diligence-framework.webp,SEO provider due diligence framework for UAE businesses,True,,,,
https://media87.com/top-mistakes-to-avoid-when-hiring-seo-in-uae/,https://media87.com/wp-content/uploads/2026/07/Google-Ads-Agency-Dubai.webp,Google Ads Agency Dubai,True,1200,670,,
https://media87.com/top-mistakes-to-avoid-when-hiring-seo-in-uae/,https://media87.com/wp-content/uploads/2026/07/Logo.png,,True,179,40,,
https://media87.com/top-mistakes-to-avoid-when-hiring-seo-in-uae/,https://media87.com/wp-content/uploads/elementor/thumbs/cropped-logo-rquhhp72kff4mfaxa1ogr4mx9nikif26rixyre7rb4.webp,cropped-logo,True,,,lazy,
https://media87.com/top-mistakes-to-avoid-when-hiring-seo-in-uae/,https://secure.gravatar.com/avatar/f7696fe11a8caf5f81d3ffd4ebf932c21458c6765b315375d6a87b2408c8c504?s=300&d=mm&r=g,muddaser321@gmail.com,True,,,lazy,
https://media87.com/useful-prompts-for-nano-banana-part-1/,https://media87.com/wp-content/uploads/2026/01/image-1-687x1024.jpeg,,True,,,,
https://media87.com/useful-prompts-for-nano-banana-part-1/,https://media87.com/wp-content/uploads/2026/01/image-2-687x1024.jpeg,,True,,,,
https://media87.com/useful-prompts-for-nano-banana-part-1/,https://media87.com/wp-content/uploads/2026/01/image-3-687x1024.jpeg,,True,,,,
https://media87.com/useful-prompts-for-nano-banana-part-1/,https://media87.com/wp-content/uploads/2026/01/image-4-687x1024.jpeg,,True,,,,
https://media87.com/useful-prompts-for-nano-banana-part-1/,https://media87.com/wp-content/uploads/2026/01/image-687x1024.jpeg,,True,,,,
https://media87.com/useful-prompts-for-nano-banana-part-1/,https://media87.com/wp-content/uploads/2026/06/media87-useful-prompts-for-nano-banana-part-1-framework.webp,Decision framework visual for Useful prompts for nano banana part 1,True,,,,
https://media87.com/useful-prompts-for-nano-banana-part-1/,https://media87.com/wp-content/uploads/2026/06/media87-useful-prompts-for-nano-banana-part-1-hero.webp,Business visual for Useful prompts for nano banana part 1,True,,,,
https://media87.com/useful-prompts-for-nano-banana-part-1/,https://media87.com/wp-content/uploads/2026/07/Google-Ads-Agency-Dubai.webp,Google Ads Agency Dubai,True,1200,670,,
https://media87.com/useful-prompts-for-nano-banana-part-1/,https://media87.com/wp-content/uploads/2026/07/Logo.png,,True,179,40,,
https://media87.com/useful-prompts-for-nano-banana-part-1/,https://media87.com/wp-content/uploads/elementor/thumbs/cropped-logo-rquhhp72kff4mfaxa1ogr4mx9nikif26rixyre7rb4.webp,cropped-logo,True,,,lazy,
https://media87.com/useful-prompts-for-nano-banana-part-1/,https://secure.gravatar.com/avatar/f7696fe11a8caf5f81d3ffd4ebf932c21458c6765b315375d6a87b2408c8c504?s=300&d=mm&r=g,muddaser321@gmail.com,True,,,lazy,
https://media87.com/water-mark-remover/,https://media87.com/wp-content/uploads/2026/07/Google-Ads-Agency-Dubai.webp,Google Ads Agency Dubai,True,1200,670,,
https://media87.com/water-mark-remover/,https://media87.com/wp-content/uploads/2026/07/Logo.png,,True,179,40,,
https://media87.com/water-mark-remover/,https://media87.com/wp-content/uploads/2026/07/media87-image-cleanup-quality-check-framework.webp,Image cleanup framework covering permission backup editing and quality review,True,,,,
https://media87.com/water-mark-remover/,https://media87.com/wp-content/uploads/2026/07/media87-watermark-removal-rights-safe-workflow.webp,Rights-safe workflow for editing an owned image and protecting the source,True,,,,
https://media87.com/water-mark-remover/,https://media87.com/wp-content/uploads/elementor/thumbs/cropped-logo-rquhhp72kff4mfaxa1ogr4mx9nikif26rixyre7rb4.webp,cropped-logo,True,,,lazy,
https://media87.com/water-mark-remover/,https://secure.gravatar.com/avatar/f7696fe11a8caf5f81d3ffd4ebf932c21458c6765b315375d6a87b2408c8c504?s=300&d=mm&r=g,muddaser321@gmail.com,True,,,lazy,
https://media87.com/website-seo-vs-alternatives-uae-businesses/,https://media87.com/wp-content/uploads/2026/07/Google-Ads-Agency-Dubai.webp,Google Ads Agency Dubai,True,1200,670,,
https://media87.com/website-seo-vs-alternatives-uae-businesses/,https://media87.com/wp-content/uploads/2026/07/Logo.png,,True,179,40,,
https://media87.com/website-seo-vs-alternatives-uae-businesses/,https://media87.com/wp-content/uploads/2026/07/media87-channel-mix-decision-framework.webp,Website SEO channel mix decision framework,True,,,,
https://media87.com/website-seo-vs-alternatives-uae-businesses/,https://media87.com/wp-content/uploads/2026/07/media87-website-seo-vs-alternatives-hero.webp,UAE business comparing website SEO with marketing alternatives,True,,,,
https://media87.com/website-seo-vs-alternatives-uae-businesses/,https://media87.com/wp-content/uploads/elementor/thumbs/cropped-logo-rquhhp72kff4mfaxa1ogr4mx9nikif26rixyre7rb4.webp,cropped-logo,True,,,lazy,
https://media87.com/website-seo-vs-alternatives-uae-businesses/,https://secure.gravatar.com/avatar/f7696fe11a8caf5f81d3ffd4ebf932c21458c6765b315375d6a87b2408c8c504?s=300&d=mm&r=g,muddaser321@gmail.com,True,,,lazy,
https://media87.com/whatsapp-automation-for-restaurants-complete-2025-guide/,https://media87.com/wp-content/uploads/2026/06/media87-restaurant-whatsapp-workflow-framework.webp,WhatsApp automation workflow for restaurant reservations orders and feedback,True,,,,
https://media87.com/whatsapp-automation-for-restaurants-complete-2025-guide/,https://media87.com/wp-content/uploads/2026/06/media87-whatsapp-automation-restaurants-hero.webp,Restaurant team using WhatsApp automation for bookings and customer messages,True,,,,
https://media87.com/whatsapp-automation-for-restaurants-complete-2025-guide/,https://media87.com/wp-content/uploads/2026/07/Google-Ads-Agency-Dubai.webp,Google Ads Agency Dubai,True,1200,670,,
https://media87.com/whatsapp-automation-for-restaurants-complete-2025-guide/,https://media87.com/wp-content/uploads/2026/07/Logo.png,,True,179,40,,
https://media87.com/whatsapp-automation-for-restaurants-complete-2025-guide/,https://media87.com/wp-content/uploads/elementor/thumbs/cropped-logo-rquhhp72kff4mfaxa1ogr4mx9nikif26rixyre7rb4.webp,cropped-logo,True,,,lazy,
https://media87.com/whatsapp-automation-for-restaurants-complete-2025-guide/,https://secure.gravatar.com/avatar/f7696fe11a8caf5f81d3ffd4ebf932c21458c6765b315375d6a87b2408c8c504?s=300&d=mm&r=g,muddaser321@gmail.com,True,,,lazy,
https://media87.com/why-chatbots-are-important-for-local-businesses-in-the-uae/,https://media87.com/wp-content/uploads/2026/07/Google-Ads-Agency-Dubai.webp,Google Ads Agency Dubai,True,1200,670,,
https://media87.com/why-chatbots-are-important-for-local-businesses-in-the-uae/,https://media87.com/wp-content/uploads/2026/07/Logo.png,,True,179,40,,
https://media87.com/why-chatbots-are-important-for-local-businesses-in-the-uae/,https://media87.com/wp-content/uploads/2026/07/media87-why-chatbots-are-important-for-local-businesses-in-the-uae-framework.webp,Decision framework visual for Why Chatbots Are Important for Local Businesses in the UAE,True,,,,
https://media87.com/why-chatbots-are-important-for-local-businesses-in-the-uae/,https://media87.com/wp-content/uploads/2026/07/media87-why-chatbots-are-important-for-local-businesses-in-the-uae-hero.webp,Business visual for Why Chatbots Are Important for Local Businesses in the UAE,True,,,,
https://media87.com/why-chatbots-are-important-for-local-businesses-in-the-uae/,https://media87.com/wp-content/uploads/elementor/thumbs/cropped-logo-rquhhp72kff4mfaxa1ogr4mx9nikif26rixyre7rb4.webp,cropped-logo,True,,,lazy,
https://media87.com/why-chatbots-are-important-for-local-businesses-in-the-uae/,https://secure.gravatar.com/avatar/f7696fe11a8caf5f81d3ffd4ebf932c21458c6765b315375d6a87b2408c8c504?s=300&d=mm&r=g,muddaser321@gmail.com,True,,,lazy,
