url,role,inbound_sitemap_pages,outbound_unique_internal_pages,source_urls
https://media87.com/,homepage,39,4,https://media87.com/about-us/ | https://media87.com/ai-seo-dubai-smes-30-day-checklist/ | https://media87.com/ai-video-creation-service/ | https://media87.com/arabic-vs-english-seo-uae-businesses/ | https://media87.com/author/muddaser321gmail-com/ | https://media87.com/category/blog/ | https://media87.com/contact-us/ | https://media87.com/create-cinematic-style-personal-portfolio/ | https://media87.com/digital-marketing-agency-dubai-pricing-cost-breakdown/ | https://media87.com/digital-marketing-agency-jlt-dubai/ | https://media87.com/dubai-ecommerce-seo-complete-guide-online-stores/ | https://media87.com/email-automated-replies-for-your-customer-service-or-agency/ | https://media87.com/google-ads-agency-dubai-questions-before-signing/ | https://media87.com/google-ads-management-cost-dubai-2026/ | https://media87.com/how-long-does-seo-take-uae-realistic-timelines/ | https://media87.com/how-to-add-a-cinematic-profile-photo-to-your-gmail-step-by-step-guide/ | https://media87.com/how-to-automatically-read-classify-and-reply-to-emails-using-ai-step-by-step-n8n-guide/ | https://media87.com/how-to-choose-dubai-digital-marketing-companies-partner/ | https://media87.com/how-to-create-ultra-realistic-human-sound-voice-with-prompting/ | https://media87.com/how-to-make-ai-ultra-realistic-ads/ | https://media87.com/how-to-make-linkedin-post-assistant-with-n8n/ | https://media87.com/how-to-save-token-cost-and-make-openclaw-secure-with-one-prompt/ | https://media87.com/local-seo-dubai-how-to-rank-for-near-me-searches-in-2026/ | https://media87.com/local-seo-guide-2025-how-to-dominate-local-search-rankings/ | https://media87.com/local-seo-in-2026-practical-playbook-for-dubai-businesses/ | https://media87.com/local-seo-what-it-is-how-to-do-it-complete-2026-guide/ | https://media87.com/portfolio/ | https://media87.com/seo-consultant-dubai-process-timeline-results/ | https://media87.com/seo-cost-dubai-buyer-guide/ | https://media87.com/seo-vs-google-ads-dubai-businesses/ | https://media87.com/services/ | https://media87.com/social-media-marketing-agency-dubai-services-costs-hiring-checklist/ | https://media87.com/top-digital-marketers-in-pakistan/ | https://media87.com/top-mistakes-to-avoid-when-hiring-seo-in-uae/ | https://media87.com/useful-prompts-for-nano-banana-part-1/ | https://media87.com/water-mark-remover/ | https://media87.com/website-seo-vs-alternatives-uae-businesses/ | https://media87.com/whatsapp-automation-for-restaurants-complete-2025-guide/ | https://media87.com/why-chatbots-are-important-for-local-businesses-in-the-uae/
https://media87.com/about-us/,trust-conversion,39,4,https://media87.com/ | https://media87.com/ai-seo-dubai-smes-30-day-checklist/ | https://media87.com/ai-video-creation-service/ | https://media87.com/arabic-vs-english-seo-uae-businesses/ | https://media87.com/author/muddaser321gmail-com/ | https://media87.com/category/blog/ | https://media87.com/contact-us/ | https://media87.com/create-cinematic-style-personal-portfolio/ | https://media87.com/digital-marketing-agency-dubai-pricing-cost-breakdown/ | https://media87.com/digital-marketing-agency-jlt-dubai/ | https://media87.com/dubai-ecommerce-seo-complete-guide-online-stores/ | https://media87.com/email-automated-replies-for-your-customer-service-or-agency/ | https://media87.com/google-ads-agency-dubai-questions-before-signing/ | https://media87.com/google-ads-management-cost-dubai-2026/ | https://media87.com/how-long-does-seo-take-uae-realistic-timelines/ | https://media87.com/how-to-add-a-cinematic-profile-photo-to-your-gmail-step-by-step-guide/ | https://media87.com/how-to-automatically-read-classify-and-reply-to-emails-using-ai-step-by-step-n8n-guide/ | https://media87.com/how-to-choose-dubai-digital-marketing-companies-partner/ | https://media87.com/how-to-create-ultra-realistic-human-sound-voice-with-prompting/ | https://media87.com/how-to-make-ai-ultra-realistic-ads/ | https://media87.com/how-to-make-linkedin-post-assistant-with-n8n/ | https://media87.com/how-to-save-token-cost-and-make-openclaw-secure-with-one-prompt/ | https://media87.com/local-seo-dubai-how-to-rank-for-near-me-searches-in-2026/ | https://media87.com/local-seo-guide-2025-how-to-dominate-local-search-rankings/ | https://media87.com/local-seo-in-2026-practical-playbook-for-dubai-businesses/ | https://media87.com/local-seo-what-it-is-how-to-do-it-complete-2026-guide/ | https://media87.com/portfolio/ | https://media87.com/seo-consultant-dubai-process-timeline-results/ | https://media87.com/seo-cost-dubai-buyer-guide/ | https://media87.com/seo-vs-google-ads-dubai-businesses/ | https://media87.com/services/ | https://media87.com/social-media-marketing-agency-dubai-services-costs-hiring-checklist/ | https://media87.com/top-digital-marketers-in-pakistan/ | https://media87.com/top-mistakes-to-avoid-when-hiring-seo-in-uae/ | https://media87.com/useful-prompts-for-nano-banana-part-1/ | https://media87.com/water-mark-remover/ | https://media87.com/website-seo-vs-alternatives-uae-businesses/ | https://media87.com/whatsapp-automation-for-restaurants-complete-2025-guide/ | https://media87.com/why-chatbots-are-important-for-local-businesses-in-the-uae/
https://media87.com/ai-seo-dubai-smes-30-day-checklist/,article,0,14,
https://media87.com/ai-video-creation-service/,service,39,4,https://media87.com/ | https://media87.com/about-us/ | https://media87.com/ai-seo-dubai-smes-30-day-checklist/ | https://media87.com/arabic-vs-english-seo-uae-businesses/ | https://media87.com/author/muddaser321gmail-com/ | https://media87.com/category/blog/ | https://media87.com/contact-us/ | https://media87.com/create-cinematic-style-personal-portfolio/ | https://media87.com/digital-marketing-agency-dubai-pricing-cost-breakdown/ | https://media87.com/digital-marketing-agency-jlt-dubai/ | https://media87.com/dubai-ecommerce-seo-complete-guide-online-stores/ | https://media87.com/email-automated-replies-for-your-customer-service-or-agency/ | https://media87.com/google-ads-agency-dubai-questions-before-signing/ | https://media87.com/google-ads-management-cost-dubai-2026/ | https://media87.com/how-long-does-seo-take-uae-realistic-timelines/ | https://media87.com/how-to-add-a-cinematic-profile-photo-to-your-gmail-step-by-step-guide/ | https://media87.com/how-to-automatically-read-classify-and-reply-to-emails-using-ai-step-by-step-n8n-guide/ | https://media87.com/how-to-choose-dubai-digital-marketing-companies-partner/ | https://media87.com/how-to-create-ultra-realistic-human-sound-voice-with-prompting/ | https://media87.com/how-to-make-ai-ultra-realistic-ads/ | https://media87.com/how-to-make-linkedin-post-assistant-with-n8n/ | https://media87.com/how-to-save-token-cost-and-make-openclaw-secure-with-one-prompt/ | https://media87.com/local-seo-dubai-how-to-rank-for-near-me-searches-in-2026/ | https://media87.com/local-seo-guide-2025-how-to-dominate-local-search-rankings/ | https://media87.com/local-seo-in-2026-practical-playbook-for-dubai-businesses/ | https://media87.com/local-seo-what-it-is-how-to-do-it-complete-2026-guide/ | https://media87.com/portfolio/ | https://media87.com/seo-consultant-dubai-process-timeline-results/ | https://media87.com/seo-cost-dubai-buyer-guide/ | https://media87.com/seo-vs-google-ads-dubai-businesses/ | https://media87.com/services/ | https://media87.com/social-media-marketing-agency-dubai-services-costs-hiring-checklist/ | https://media87.com/top-digital-marketers-in-pakistan/ | https://media87.com/top-mistakes-to-avoid-when-hiring-seo-in-uae/ | https://media87.com/useful-prompts-for-nano-banana-part-1/ | https://media87.com/water-mark-remover/ | https://media87.com/website-seo-vs-alternatives-uae-businesses/ | https://media87.com/whatsapp-automation-for-restaurants-complete-2025-guide/ | https://media87.com/why-chatbots-are-important-for-local-businesses-in-the-uae/
https://media87.com/arabic-vs-english-seo-uae-businesses/,article,2,13,https://media87.com/author/muddaser321gmail-com/ | https://media87.com/category/blog/
https://media87.com/author/muddaser321gmail-com/,author,0,15,
https://media87.com/category/blog/,taxonomy,34,15,https://media87.com/ai-seo-dubai-smes-30-day-checklist/ | https://media87.com/arabic-vs-english-seo-uae-businesses/ | https://media87.com/contact-us/ | https://media87.com/create-cinematic-style-personal-portfolio/ | https://media87.com/digital-marketing-agency-dubai-pricing-cost-breakdown/ | https://media87.com/digital-marketing-agency-jlt-dubai/ | https://media87.com/dubai-ecommerce-seo-complete-guide-online-stores/ | https://media87.com/email-automated-replies-for-your-customer-service-or-agency/ | https://media87.com/google-ads-agency-dubai-questions-before-signing/ | https://media87.com/google-ads-management-cost-dubai-2026/ | https://media87.com/how-long-does-seo-take-uae-realistic-timelines/ | https://media87.com/how-to-add-a-cinematic-profile-photo-to-your-gmail-step-by-step-guide/ | https://media87.com/how-to-automatically-read-classify-and-reply-to-emails-using-ai-step-by-step-n8n-guide/ | https://media87.com/how-to-choose-dubai-digital-marketing-companies-partner/ | https://media87.com/how-to-create-ultra-realistic-human-sound-voice-with-prompting/ | https://media87.com/how-to-make-ai-ultra-realistic-ads/ | https://media87.com/how-to-make-linkedin-post-assistant-with-n8n/ | https://media87.com/how-to-save-token-cost-and-make-openclaw-secure-with-one-prompt/ | https://media87.com/local-seo-dubai-how-to-rank-for-near-me-searches-in-2026/ | https://media87.com/local-seo-guide-2025-how-to-dominate-local-search-rankings/ | https://media87.com/local-seo-in-2026-practical-playbook-for-dubai-businesses/ | https://media87.com/local-seo-what-it-is-how-to-do-it-complete-2026-guide/ | https://media87.com/portfolio/ | https://media87.com/seo-consultant-dubai-process-timeline-results/ | https://media87.com/seo-cost-dubai-buyer-guide/ | https://media87.com/seo-vs-google-ads-dubai-businesses/ | https://media87.com/social-media-marketing-agency-dubai-services-costs-hiring-checklist/ | https://media87.com/top-digital-marketers-in-pakistan/ | https://media87.com/top-mistakes-to-avoid-when-hiring-seo-in-uae/ | https://media87.com/useful-prompts-for-nano-banana-part-1/ | https://media87.com/water-mark-remover/ | https://media87.com/website-seo-vs-alternatives-uae-businesses/ | https://media87.com/whatsapp-automation-for-restaurants-complete-2025-guide/ | https://media87.com/why-chatbots-are-important-for-local-businesses-in-the-uae/
https://media87.com/contact-us/,trust-conversion,39,5,https://media87.com/ | https://media87.com/about-us/ | https://media87.com/ai-seo-dubai-smes-30-day-checklist/ | https://media87.com/ai-video-creation-service/ | https://media87.com/arabic-vs-english-seo-uae-businesses/ | https://media87.com/author/muddaser321gmail-com/ | https://media87.com/category/blog/ | https://media87.com/create-cinematic-style-personal-portfolio/ | https://media87.com/digital-marketing-agency-dubai-pricing-cost-breakdown/ | https://media87.com/digital-marketing-agency-jlt-dubai/ | https://media87.com/dubai-ecommerce-seo-complete-guide-online-stores/ | https://media87.com/email-automated-replies-for-your-customer-service-or-agency/ | https://media87.com/google-ads-agency-dubai-questions-before-signing/ | https://media87.com/google-ads-management-cost-dubai-2026/ | https://media87.com/how-long-does-seo-take-uae-realistic-timelines/ | https://media87.com/how-to-add-a-cinematic-profile-photo-to-your-gmail-step-by-step-guide/ | https://media87.com/how-to-automatically-read-classify-and-reply-to-emails-using-ai-step-by-step-n8n-guide/ | https://media87.com/how-to-choose-dubai-digital-marketing-companies-partner/ | https://media87.com/how-to-create-ultra-realistic-human-sound-voice-with-prompting/ | https://media87.com/how-to-make-ai-ultra-realistic-ads/ | https://media87.com/how-to-make-linkedin-post-assistant-with-n8n/ | https://media87.com/how-to-save-token-cost-and-make-openclaw-secure-with-one-prompt/ | https://media87.com/local-seo-dubai-how-to-rank-for-near-me-searches-in-2026/ | https://media87.com/local-seo-guide-2025-how-to-dominate-local-search-rankings/ | https://media87.com/local-seo-in-2026-practical-playbook-for-dubai-businesses/ | https://media87.com/local-seo-what-it-is-how-to-do-it-complete-2026-guide/ | https://media87.com/portfolio/ | https://media87.com/seo-consultant-dubai-process-timeline-results/ | https://media87.com/seo-cost-dubai-buyer-guide/ | https://media87.com/seo-vs-google-ads-dubai-businesses/ | https://media87.com/services/ | https://media87.com/social-media-marketing-agency-dubai-services-costs-hiring-checklist/ | https://media87.com/top-digital-marketers-in-pakistan/ | https://media87.com/top-mistakes-to-avoid-when-hiring-seo-in-uae/ | https://media87.com/useful-prompts-for-nano-banana-part-1/ | https://media87.com/water-mark-remover/ | https://media87.com/website-seo-vs-alternatives-uae-businesses/ | https://media87.com/whatsapp-automation-for-restaurants-complete-2025-guide/ | https://media87.com/why-chatbots-are-important-for-local-businesses-in-the-uae/
https://media87.com/create-cinematic-style-personal-portfolio/,article,0,13,
https://media87.com/digital-marketing-agency-dubai-pricing-cost-breakdown/,commercial-location,3,14,https://media87.com/author/muddaser321gmail-com/ | https://media87.com/category/blog/ | https://media87.com/google-ads-agency-dubai-questions-before-signing/
https://media87.com/digital-marketing-agency-jlt-dubai/,commercial-location,0,13,
https://media87.com/dubai-ecommerce-seo-complete-guide-online-stores/,article,2,14,https://media87.com/author/muddaser321gmail-com/ | https://media87.com/category/blog/
https://media87.com/email-automated-replies-for-your-customer-service-or-agency/,article,0,13,
https://media87.com/google-ads-agency-dubai-questions-before-signing/,commercial-location,34,15,https://media87.com/ai-seo-dubai-smes-30-day-checklist/ | https://media87.com/arabic-vs-english-seo-uae-businesses/ | https://media87.com/author/muddaser321gmail-com/ | https://media87.com/category/blog/ | https://media87.com/create-cinematic-style-personal-portfolio/ | https://media87.com/digital-marketing-agency-dubai-pricing-cost-breakdown/ | https://media87.com/digital-marketing-agency-jlt-dubai/ | https://media87.com/dubai-ecommerce-seo-complete-guide-online-stores/ | https://media87.com/email-automated-replies-for-your-customer-service-or-agency/ | https://media87.com/google-ads-management-cost-dubai-2026/ | https://media87.com/how-long-does-seo-take-uae-realistic-timelines/ | https://media87.com/how-to-add-a-cinematic-profile-photo-to-your-gmail-step-by-step-guide/ | https://media87.com/how-to-automatically-read-classify-and-reply-to-emails-using-ai-step-by-step-n8n-guide/ | https://media87.com/how-to-choose-dubai-digital-marketing-companies-partner/ | https://media87.com/how-to-create-ultra-realistic-human-sound-voice-with-prompting/ | https://media87.com/how-to-make-ai-ultra-realistic-ads/ | https://media87.com/how-to-make-linkedin-post-assistant-with-n8n/ | https://media87.com/how-to-save-token-cost-and-make-openclaw-secure-with-one-prompt/ | https://media87.com/local-seo-dubai-how-to-rank-for-near-me-searches-in-2026/ | https://media87.com/local-seo-guide-2025-how-to-dominate-local-search-rankings/ | https://media87.com/local-seo-in-2026-practical-playbook-for-dubai-businesses/ | https://media87.com/local-seo-what-it-is-how-to-do-it-complete-2026-guide/ | https://media87.com/portfolio/ | https://media87.com/seo-consultant-dubai-process-timeline-results/ | https://media87.com/seo-cost-dubai-buyer-guide/ | https://media87.com/seo-vs-google-ads-dubai-businesses/ | https://media87.com/social-media-marketing-agency-dubai-services-costs-hiring-checklist/ | https://media87.com/top-digital-marketers-in-pakistan/ | https://media87.com/top-mistakes-to-avoid-when-hiring-seo-in-uae/ | https://media87.com/useful-prompts-for-nano-banana-part-1/ | https://media87.com/water-mark-remover/ | https://media87.com/website-seo-vs-alternatives-uae-businesses/ | https://media87.com/whatsapp-automation-for-restaurants-complete-2025-guide/ | https://media87.com/why-chatbots-are-important-for-local-businesses-in-the-uae/
https://media87.com/google-ads-management-cost-dubai-2026/,article,0,14,
https://media87.com/how-long-does-seo-take-uae-realistic-timelines/,article,2,15,https://media87.com/author/muddaser321gmail-com/ | https://media87.com/category/blog/
https://media87.com/how-to-add-a-cinematic-profile-photo-to-your-gmail-step-by-step-guide/,article,0,13,
https://media87.com/how-to-automatically-read-classify-and-reply-to-emails-using-ai-step-by-step-n8n-guide/,article,0,13,
https://media87.com/how-to-choose-dubai-digital-marketing-companies-partner/,article,34,15,https://media87.com/ai-seo-dubai-smes-30-day-checklist/ | https://media87.com/arabic-vs-english-seo-uae-businesses/ | https://media87.com/author/muddaser321gmail-com/ | https://media87.com/category/blog/ | https://media87.com/create-cinematic-style-personal-portfolio/ | https://media87.com/digital-marketing-agency-dubai-pricing-cost-breakdown/ | https://media87.com/digital-marketing-agency-jlt-dubai/ | https://media87.com/dubai-ecommerce-seo-complete-guide-online-stores/ | https://media87.com/email-automated-replies-for-your-customer-service-or-agency/ | https://media87.com/google-ads-agency-dubai-questions-before-signing/ | https://media87.com/google-ads-management-cost-dubai-2026/ | https://media87.com/how-long-does-seo-take-uae-realistic-timelines/ | https://media87.com/how-to-add-a-cinematic-profile-photo-to-your-gmail-step-by-step-guide/ | https://media87.com/how-to-automatically-read-classify-and-reply-to-emails-using-ai-step-by-step-n8n-guide/ | https://media87.com/how-to-create-ultra-realistic-human-sound-voice-with-prompting/ | https://media87.com/how-to-make-ai-ultra-realistic-ads/ | https://media87.com/how-to-make-linkedin-post-assistant-with-n8n/ | https://media87.com/how-to-save-token-cost-and-make-openclaw-secure-with-one-prompt/ | https://media87.com/local-seo-dubai-how-to-rank-for-near-me-searches-in-2026/ | https://media87.com/local-seo-guide-2025-how-to-dominate-local-search-rankings/ | https://media87.com/local-seo-in-2026-practical-playbook-for-dubai-businesses/ | https://media87.com/local-seo-what-it-is-how-to-do-it-complete-2026-guide/ | https://media87.com/portfolio/ | https://media87.com/seo-consultant-dubai-process-timeline-results/ | https://media87.com/seo-cost-dubai-buyer-guide/ | https://media87.com/seo-vs-google-ads-dubai-businesses/ | https://media87.com/social-media-marketing-agency-dubai-services-costs-hiring-checklist/ | https://media87.com/top-digital-marketers-in-pakistan/ | https://media87.com/top-mistakes-to-avoid-when-hiring-seo-in-uae/ | https://media87.com/useful-prompts-for-nano-banana-part-1/ | https://media87.com/water-mark-remover/ | https://media87.com/website-seo-vs-alternatives-uae-businesses/ | https://media87.com/whatsapp-automation-for-restaurants-complete-2025-guide/ | https://media87.com/why-chatbots-are-important-for-local-businesses-in-the-uae/
https://media87.com/how-to-create-ultra-realistic-human-sound-voice-with-prompting/,article,0,13,
https://media87.com/how-to-make-ai-ultra-realistic-ads/,article,0,13,
https://media87.com/how-to-make-linkedin-post-assistant-with-n8n/,article,0,14,
https://media87.com/how-to-save-token-cost-and-make-openclaw-secure-with-one-prompt/,article,0,13,
https://media87.com/local-seo-dubai-how-to-rank-for-near-me-searches-in-2026/,article,0,14,
https://media87.com/local-seo-guide-2025-how-to-dominate-local-search-rankings/,article,0,13,
https://media87.com/local-seo-in-2026-practical-playbook-for-dubai-businesses/,article,0,13,
https://media87.com/local-seo-what-it-is-how-to-do-it-complete-2026-guide/,article,0,13,
https://media87.com/portfolio/,proof-portfolio,0,14,
https://media87.com/seo-consultant-dubai-process-timeline-results/,commercial-location,34,16,https://media87.com/ai-seo-dubai-smes-30-day-checklist/ | https://media87.com/arabic-vs-english-seo-uae-businesses/ | https://media87.com/author/muddaser321gmail-com/ | https://media87.com/category/blog/ | https://media87.com/create-cinematic-style-personal-portfolio/ | https://media87.com/digital-marketing-agency-dubai-pricing-cost-breakdown/ | https://media87.com/digital-marketing-agency-jlt-dubai/ | https://media87.com/dubai-ecommerce-seo-complete-guide-online-stores/ | https://media87.com/email-automated-replies-for-your-customer-service-or-agency/ | https://media87.com/google-ads-agency-dubai-questions-before-signing/ | https://media87.com/google-ads-management-cost-dubai-2026/ | https://media87.com/how-long-does-seo-take-uae-realistic-timelines/ | https://media87.com/how-to-add-a-cinematic-profile-photo-to-your-gmail-step-by-step-guide/ | https://media87.com/how-to-automatically-read-classify-and-reply-to-emails-using-ai-step-by-step-n8n-guide/ | https://media87.com/how-to-choose-dubai-digital-marketing-companies-partner/ | https://media87.com/how-to-create-ultra-realistic-human-sound-voice-with-prompting/ | https://media87.com/how-to-make-ai-ultra-realistic-ads/ | https://media87.com/how-to-make-linkedin-post-assistant-with-n8n/ | https://media87.com/how-to-save-token-cost-and-make-openclaw-secure-with-one-prompt/ | https://media87.com/local-seo-dubai-how-to-rank-for-near-me-searches-in-2026/ | https://media87.com/local-seo-guide-2025-how-to-dominate-local-search-rankings/ | https://media87.com/local-seo-in-2026-practical-playbook-for-dubai-businesses/ | https://media87.com/local-seo-what-it-is-how-to-do-it-complete-2026-guide/ | https://media87.com/portfolio/ | https://media87.com/seo-cost-dubai-buyer-guide/ | https://media87.com/seo-vs-google-ads-dubai-businesses/ | https://media87.com/social-media-marketing-agency-dubai-services-costs-hiring-checklist/ | https://media87.com/top-digital-marketers-in-pakistan/ | https://media87.com/top-mistakes-to-avoid-when-hiring-seo-in-uae/ | https://media87.com/useful-prompts-for-nano-banana-part-1/ | https://media87.com/water-mark-remover/ | https://media87.com/website-seo-vs-alternatives-uae-businesses/ | https://media87.com/whatsapp-automation-for-restaurants-complete-2025-guide/ | https://media87.com/why-chatbots-are-important-for-local-businesses-in-the-uae/
https://media87.com/seo-cost-dubai-buyer-guide/,article,1,16,https://media87.com/seo-vs-google-ads-dubai-businesses/
https://media87.com/seo-vs-google-ads-dubai-businesses/,article,0,18,
https://media87.com/services/,service-hub,39,4,https://media87.com/ | https://media87.com/about-us/ | https://media87.com/ai-seo-dubai-smes-30-day-checklist/ | https://media87.com/ai-video-creation-service/ | https://media87.com/arabic-vs-english-seo-uae-businesses/ | https://media87.com/author/muddaser321gmail-com/ | https://media87.com/category/blog/ | https://media87.com/contact-us/ | https://media87.com/create-cinematic-style-personal-portfolio/ | https://media87.com/digital-marketing-agency-dubai-pricing-cost-breakdown/ | https://media87.com/digital-marketing-agency-jlt-dubai/ | https://media87.com/dubai-ecommerce-seo-complete-guide-online-stores/ | https://media87.com/email-automated-replies-for-your-customer-service-or-agency/ | https://media87.com/google-ads-agency-dubai-questions-before-signing/ | https://media87.com/google-ads-management-cost-dubai-2026/ | https://media87.com/how-long-does-seo-take-uae-realistic-timelines/ | https://media87.com/how-to-add-a-cinematic-profile-photo-to-your-gmail-step-by-step-guide/ | https://media87.com/how-to-automatically-read-classify-and-reply-to-emails-using-ai-step-by-step-n8n-guide/ | https://media87.com/how-to-choose-dubai-digital-marketing-companies-partner/ | https://media87.com/how-to-create-ultra-realistic-human-sound-voice-with-prompting/ | https://media87.com/how-to-make-ai-ultra-realistic-ads/ | https://media87.com/how-to-make-linkedin-post-assistant-with-n8n/ | https://media87.com/how-to-save-token-cost-and-make-openclaw-secure-with-one-prompt/ | https://media87.com/local-seo-dubai-how-to-rank-for-near-me-searches-in-2026/ | https://media87.com/local-seo-guide-2025-how-to-dominate-local-search-rankings/ | https://media87.com/local-seo-in-2026-practical-playbook-for-dubai-businesses/ | https://media87.com/local-seo-what-it-is-how-to-do-it-complete-2026-guide/ | https://media87.com/portfolio/ | https://media87.com/seo-consultant-dubai-process-timeline-results/ | https://media87.com/seo-cost-dubai-buyer-guide/ | https://media87.com/seo-vs-google-ads-dubai-businesses/ | https://media87.com/social-media-marketing-agency-dubai-services-costs-hiring-checklist/ | https://media87.com/top-digital-marketers-in-pakistan/ | https://media87.com/top-mistakes-to-avoid-when-hiring-seo-in-uae/ | https://media87.com/useful-prompts-for-nano-banana-part-1/ | https://media87.com/water-mark-remover/ | https://media87.com/website-seo-vs-alternatives-uae-businesses/ | https://media87.com/whatsapp-automation-for-restaurants-complete-2025-guide/ | https://media87.com/why-chatbots-are-important-for-local-businesses-in-the-uae/
https://media87.com/social-media-marketing-agency-dubai-services-costs-hiring-checklist/,commercial-location,34,13,https://media87.com/ai-seo-dubai-smes-30-day-checklist/ | https://media87.com/arabic-vs-english-seo-uae-businesses/ | https://media87.com/author/muddaser321gmail-com/ | https://media87.com/category/blog/ | https://media87.com/create-cinematic-style-personal-portfolio/ | https://media87.com/digital-marketing-agency-dubai-pricing-cost-breakdown/ | https://media87.com/digital-marketing-agency-jlt-dubai/ | https://media87.com/dubai-ecommerce-seo-complete-guide-online-stores/ | https://media87.com/email-automated-replies-for-your-customer-service-or-agency/ | https://media87.com/google-ads-agency-dubai-questions-before-signing/ | https://media87.com/google-ads-management-cost-dubai-2026/ | https://media87.com/how-long-does-seo-take-uae-realistic-timelines/ | https://media87.com/how-to-add-a-cinematic-profile-photo-to-your-gmail-step-by-step-guide/ | https://media87.com/how-to-automatically-read-classify-and-reply-to-emails-using-ai-step-by-step-n8n-guide/ | https://media87.com/how-to-choose-dubai-digital-marketing-companies-partner/ | https://media87.com/how-to-create-ultra-realistic-human-sound-voice-with-prompting/ | https://media87.com/how-to-make-ai-ultra-realistic-ads/ | https://media87.com/how-to-make-linkedin-post-assistant-with-n8n/ | https://media87.com/how-to-save-token-cost-and-make-openclaw-secure-with-one-prompt/ | https://media87.com/local-seo-dubai-how-to-rank-for-near-me-searches-in-2026/ | https://media87.com/local-seo-guide-2025-how-to-dominate-local-search-rankings/ | https://media87.com/local-seo-in-2026-practical-playbook-for-dubai-businesses/ | https://media87.com/local-seo-what-it-is-how-to-do-it-complete-2026-guide/ | https://media87.com/portfolio/ | https://media87.com/seo-consultant-dubai-process-timeline-results/ | https://media87.com/seo-cost-dubai-buyer-guide/ | https://media87.com/seo-vs-google-ads-dubai-businesses/ | https://media87.com/top-digital-marketers-in-pakistan/ | https://media87.com/top-mistakes-to-avoid-when-hiring-seo-in-uae/ | https://media87.com/useful-prompts-for-nano-banana-part-1/ | https://media87.com/water-mark-remover/ | https://media87.com/website-seo-vs-alternatives-uae-businesses/ | https://media87.com/whatsapp-automation-for-restaurants-complete-2025-guide/ | https://media87.com/why-chatbots-are-important-for-local-businesses-in-the-uae/
https://media87.com/top-digital-marketers-in-pakistan/,article,0,13,
https://media87.com/top-mistakes-to-avoid-when-hiring-seo-in-uae/,article,34,15,https://media87.com/ai-seo-dubai-smes-30-day-checklist/ | https://media87.com/arabic-vs-english-seo-uae-businesses/ | https://media87.com/author/muddaser321gmail-com/ | https://media87.com/category/blog/ | https://media87.com/create-cinematic-style-personal-portfolio/ | https://media87.com/digital-marketing-agency-dubai-pricing-cost-breakdown/ | https://media87.com/digital-marketing-agency-jlt-dubai/ | https://media87.com/dubai-ecommerce-seo-complete-guide-online-stores/ | https://media87.com/email-automated-replies-for-your-customer-service-or-agency/ | https://media87.com/google-ads-agency-dubai-questions-before-signing/ | https://media87.com/google-ads-management-cost-dubai-2026/ | https://media87.com/how-long-does-seo-take-uae-realistic-timelines/ | https://media87.com/how-to-add-a-cinematic-profile-photo-to-your-gmail-step-by-step-guide/ | https://media87.com/how-to-automatically-read-classify-and-reply-to-emails-using-ai-step-by-step-n8n-guide/ | https://media87.com/how-to-choose-dubai-digital-marketing-companies-partner/ | https://media87.com/how-to-create-ultra-realistic-human-sound-voice-with-prompting/ | https://media87.com/how-to-make-ai-ultra-realistic-ads/ | https://media87.com/how-to-make-linkedin-post-assistant-with-n8n/ | https://media87.com/how-to-save-token-cost-and-make-openclaw-secure-with-one-prompt/ | https://media87.com/local-seo-dubai-how-to-rank-for-near-me-searches-in-2026/ | https://media87.com/local-seo-guide-2025-how-to-dominate-local-search-rankings/ | https://media87.com/local-seo-in-2026-practical-playbook-for-dubai-businesses/ | https://media87.com/local-seo-what-it-is-how-to-do-it-complete-2026-guide/ | https://media87.com/portfolio/ | https://media87.com/seo-consultant-dubai-process-timeline-results/ | https://media87.com/seo-cost-dubai-buyer-guide/ | https://media87.com/seo-vs-google-ads-dubai-businesses/ | https://media87.com/social-media-marketing-agency-dubai-services-costs-hiring-checklist/ | https://media87.com/top-digital-marketers-in-pakistan/ | https://media87.com/useful-prompts-for-nano-banana-part-1/ | https://media87.com/water-mark-remover/ | https://media87.com/website-seo-vs-alternatives-uae-businesses/ | https://media87.com/whatsapp-automation-for-restaurants-complete-2025-guide/ | https://media87.com/why-chatbots-are-important-for-local-businesses-in-the-uae/
https://media87.com/useful-prompts-for-nano-banana-part-1/,article,0,13,
https://media87.com/water-mark-remover/,article,0,13,
https://media87.com/website-seo-vs-alternatives-uae-businesses/,article,34,16,https://media87.com/ai-seo-dubai-smes-30-day-checklist/ | https://media87.com/arabic-vs-english-seo-uae-businesses/ | https://media87.com/author/muddaser321gmail-com/ | https://media87.com/category/blog/ | https://media87.com/create-cinematic-style-personal-portfolio/ | https://media87.com/digital-marketing-agency-dubai-pricing-cost-breakdown/ | https://media87.com/digital-marketing-agency-jlt-dubai/ | https://media87.com/dubai-ecommerce-seo-complete-guide-online-stores/ | https://media87.com/email-automated-replies-for-your-customer-service-or-agency/ | https://media87.com/google-ads-agency-dubai-questions-before-signing/ | https://media87.com/google-ads-management-cost-dubai-2026/ | https://media87.com/how-long-does-seo-take-uae-realistic-timelines/ | https://media87.com/how-to-add-a-cinematic-profile-photo-to-your-gmail-step-by-step-guide/ | https://media87.com/how-to-automatically-read-classify-and-reply-to-emails-using-ai-step-by-step-n8n-guide/ | https://media87.com/how-to-choose-dubai-digital-marketing-companies-partner/ | https://media87.com/how-to-create-ultra-realistic-human-sound-voice-with-prompting/ | https://media87.com/how-to-make-ai-ultra-realistic-ads/ | https://media87.com/how-to-make-linkedin-post-assistant-with-n8n/ | https://media87.com/how-to-save-token-cost-and-make-openclaw-secure-with-one-prompt/ | https://media87.com/local-seo-dubai-how-to-rank-for-near-me-searches-in-2026/ | https://media87.com/local-seo-guide-2025-how-to-dominate-local-search-rankings/ | https://media87.com/local-seo-in-2026-practical-playbook-for-dubai-businesses/ | https://media87.com/local-seo-what-it-is-how-to-do-it-complete-2026-guide/ | https://media87.com/portfolio/ | https://media87.com/seo-consultant-dubai-process-timeline-results/ | https://media87.com/seo-cost-dubai-buyer-guide/ | https://media87.com/seo-vs-google-ads-dubai-businesses/ | https://media87.com/social-media-marketing-agency-dubai-services-costs-hiring-checklist/ | https://media87.com/top-digital-marketers-in-pakistan/ | https://media87.com/top-mistakes-to-avoid-when-hiring-seo-in-uae/ | https://media87.com/useful-prompts-for-nano-banana-part-1/ | https://media87.com/water-mark-remover/ | https://media87.com/whatsapp-automation-for-restaurants-complete-2025-guide/ | https://media87.com/why-chatbots-are-important-for-local-businesses-in-the-uae/
https://media87.com/whatsapp-automation-for-restaurants-complete-2025-guide/,article,0,13,
https://media87.com/why-chatbots-are-important-for-local-businesses-in-the-uae/,article,0,13,
