url,source_pages,link_occurrences,anchor_texts,source_urls
https://media87.com/2025/12/02/,1,1,"December 2, 2025",https://media87.com/how-to-make-ai-ultra-realistic-ads/
https://media87.com/2025/12/19/,1,1,"December 19, 2025",https://media87.com/create-cinematic-style-personal-portfolio/
https://media87.com/2025/12/24/,1,1,"December 24, 2025",https://media87.com/how-to-make-linkedin-post-assistant-with-n8n/
https://media87.com/2026/01/01/,1,1,"January 1, 2026",https://media87.com/water-mark-remover/
https://media87.com/2026/01/03/,1,1,"January 3, 2026",https://media87.com/how-to-add-a-cinematic-profile-photo-to-your-gmail-step-by-step-guide/
https://media87.com/2026/01/05/,2,2,"January 5, 2026",https://media87.com/email-automated-replies-for-your-customer-service-or-agency/ | https://media87.com/how-to-create-ultra-realistic-human-sound-voice-with-prompting/
https://media87.com/2026/01/08/,1,1,"January 8, 2026",https://media87.com/digital-marketing-agency-jlt-dubai/
https://media87.com/2026/01/09/,2,2,"January 9, 2026",https://media87.com/local-seo-what-it-is-how-to-do-it-complete-2026-guide/ | https://media87.com/why-chatbots-are-important-for-local-businesses-in-the-uae/
https://media87.com/2026/01/12/,1,1,"January 12, 2026",https://media87.com/useful-prompts-for-nano-banana-part-1/
https://media87.com/2026/01/25/,1,1,"January 25, 2026",https://media87.com/how-to-automatically-read-classify-and-reply-to-emails-using-ai-step-by-step-n8n-guide/
https://media87.com/2026/01/26/,1,1,"January 26, 2026",https://media87.com/portfolio/
https://media87.com/2026/02/15/,3,3,"February 15, 2026",https://media87.com/local-seo-guide-2025-how-to-dominate-local-search-rankings/ | https://media87.com/local-seo-in-2026-practical-playbook-for-dubai-businesses/ | https://media87.com/whatsapp-automation-for-restaurants-complete-2025-guide/
https://media87.com/2026/02/22/,1,1,"February 22, 2026",https://media87.com/how-to-save-token-cost-and-make-openclaw-secure-with-one-prompt/
https://media87.com/2026/04/03/,1,1,"April 3, 2026",https://media87.com/top-digital-marketers-in-pakistan/
https://media87.com/2026/05/27/,2,2,"May 27, 2026",https://media87.com/seo-cost-dubai-buyer-guide/ | https://media87.com/seo-vs-google-ads-dubai-businesses/
https://media87.com/2026/05/28/,1,1,"May 28, 2026",https://media87.com/local-seo-dubai-how-to-rank-for-near-me-searches-in-2026/
https://media87.com/2026/05/31/,1,1,"May 31, 2026",https://media87.com/ai-seo-dubai-smes-30-day-checklist/
https://media87.com/2026/06/01/,1,1,"June 1, 2026",https://media87.com/google-ads-management-cost-dubai-2026/
https://media87.com/2026/06/02/,1,1,"June 2, 2026",https://media87.com/arabic-vs-english-seo-uae-businesses/
https://media87.com/2026/06/13/,1,1,"June 13, 2026",https://media87.com/how-long-does-seo-take-uae-realistic-timelines/
https://media87.com/2026/06/14/,1,1,"June 14, 2026",https://media87.com/dubai-ecommerce-seo-complete-guide-online-stores/
https://media87.com/2026/06/17/,1,1,"June 17, 2026",https://media87.com/digital-marketing-agency-dubai-pricing-cost-breakdown/
https://media87.com/2026/06/20/,1,1,"June 20, 2026",https://media87.com/how-to-choose-dubai-digital-marketing-companies-partner/
https://media87.com/2026/06/23/,1,1,"June 23, 2026",https://media87.com/top-mistakes-to-avoid-when-hiring-seo-in-uae/
https://media87.com/2026/06/26/,1,1,"June 26, 2026",https://media87.com/seo-consultant-dubai-process-timeline-results/
https://media87.com/2026/07/01/,1,1,"July 1, 2026",https://media87.com/website-seo-vs-alternatives-uae-businesses/
https://media87.com/2026/07/18/,1,1,"July 18, 2026",https://media87.com/social-media-marketing-agency-dubai-services-costs-hiring-checklist/
https://media87.com/2026/07/21/,1,1,"July 21, 2026",https://media87.com/google-ads-agency-dubai-questions-before-signing/
https://media87.com/ads-managment/,2,2,Google Ads management service,https://media87.com/google-ads-agency-dubai-questions-before-signing/ | https://media87.com/google-ads-management-cost-dubai-2026/
https://media87.com/contact/,3,3,Contact Media87 | Request your strategy call,https://media87.com/seo-consultant-dubai-process-timeline-results/ | https://media87.com/seo-vs-google-ads-dubai-businesses/ | https://media87.com/website-seo-vs-alternatives-uae-businesses/
https://media87.com/digital-marketing-services-dubai/,7,8,digital marketing services in Dubai,https://media87.com/digital-marketing-agency-dubai-pricing-cost-breakdown/ | https://media87.com/dubai-ecommerce-seo-complete-guide-online-stores/ | https://media87.com/how-long-does-seo-take-uae-realistic-timelines/ | https://media87.com/how-to-choose-dubai-digital-marketing-companies-partner/ | https://media87.com/seo-consultant-dubai-process-timeline-results/ | https://media87.com/top-mistakes-to-avoid-when-hiring-seo-in-uae/ | https://media87.com/website-seo-vs-alternatives-uae-businesses/
https://media87.com/digital-marketing-services-in-dubai/,4,5,Digital Marketing Services in Dubai | digital marketing services | digital marketing services in Dubai | digital marketing strategy in Dubai,https://media87.com/google-ads-agency-dubai-questions-before-signing/ | https://media87.com/seo-cost-dubai-buyer-guide/ | https://media87.com/seo-vs-google-ads-dubai-businesses/ | https://media87.com/social-media-marketing-agency-dubai-services-costs-hiring-checklist/
https://media87.com/geo-tagging-images-for-seo/,1,1,geo-tagging images for SEO,https://media87.com/ai-seo-dubai-smes-30-day-checklist/
https://media87.com/google-ads-management-dubai/,4,4,Google Ads management in Dubai,https://media87.com/how-to-choose-dubai-digital-marketing-companies-partner/ | https://media87.com/seo-consultant-dubai-process-timeline-results/ | https://media87.com/top-mistakes-to-avoid-when-hiring-seo-in-uae/ | https://media87.com/website-seo-vs-alternatives-uae-businesses/
https://media87.com/hosting/,1,1,n8n cloud on discount,https://media87.com/how-to-make-linkedin-post-assistant-with-n8n/
https://media87.com/seo-for-dubai-businesses/,2,2,Complete Guide to SEO for Dubai Businesses | SEO for Dubai Businesses,https://media87.com/seo-cost-dubai-buyer-guide/ | https://media87.com/seo-vs-google-ads-dubai-businesses/
https://media87.com/seo-services-dubai/,7,8,SEO services in Dubai,https://media87.com/how-long-does-seo-take-uae-realistic-timelines/ | https://media87.com/how-to-choose-dubai-digital-marketing-companies-partner/ | https://media87.com/seo-consultant-dubai-process-timeline-results/ | https://media87.com/seo-cost-dubai-buyer-guide/ | https://media87.com/seo-vs-google-ads-dubai-businesses/ | https://media87.com/top-mistakes-to-avoid-when-hiring-seo-in-uae/ | https://media87.com/website-seo-vs-alternatives-uae-businesses/
https://media87.com/seo-vs-google-ads-dubai-businesses-2026/,1,1,SEO vs Google Ads for Dubai businesses,https://media87.com/local-seo-dubai-how-to-rank-for-near-me-searches-in-2026/
https://media87.com/wp-content/uploads/2026/01/muddaser-portfolio.pdf,1,2,Download | muddaser portfolio,https://media87.com/portfolio/
